product_id,product_category_name,month_year,qty,total_price,freight_price,unit_price,product_name_lenght,product_description_lenght,product_photos_qty,product_weight_g,product_score,customers,weekday,weekend,holiday,month,year,s,volume,comp_1,ps1,fp1,comp_2,ps2,fp2,comp_3,ps3,fp3,lag_price
bed1,bed_bath_table,01-01-2017,20,5093.3,14.659531,254.66,48,454,3,726,3.9,107,23,7,0,1,2017,0.732,1013.8,248.23,4.1,19.503448,248.9,3.7,12.744526,219.8,4.0,15.221679,246.48
bed1,bed_bath_table,01-02-2017,4,1018.66,15.837248,254.66,48,454,3,726,3.9,28,23,9,0,2,2017,0.634,1652.0,216.97,3.8,18.678724,280.71,4.0,16.56721,279.36,3.8,18.859675,254.66
bed1,bed_bath_table,01-03-2017,52,13242.57,14.463978,254.66,48,454,3,726,3.9,324,19,7,0,3,2017,0.946,945.0,304.37,3.9,15.904127,320.01,4.2,14.543479,259.78,3.6,11.11537,254.66
bed1,bed_bath_table,01-04-2017,18,4583.97,13.825563,254.66,48,454,3,726,3.9,133,19,8,0,4,2017,0.848,829.8,265.92,3.7,10.289171,238.84,3.7,10.184915,216.71,4.2,9.482007,254.66
bed1,bed_bath_table,01-05-2017,5,1273.32,13.711666,254.66,48,454,3,726,3.9,30,20,8,0,5,2017,0.621,1625.6,253.2,3.8,14.011347,312.48,3.9,17.297582,279.67,3.8,12.141416,254.66
bed1,bed_bath_table,01-07-2017,12,3055.98,17.359725,254.66,48,454,3,726,3.9,71,19,5,0,7,2017,0.869,1329.9,304.35,3.8,16.482956,301.46,3.8,19.545261,228.87,3.8,18.883384,254.66
bed1,bed_bath_table,01-09-2017,5,1273.32,15.963174,254.66,48,454,3,726,3.9,33,20,9,0,9,2017,0.799,1665.4,302.28,4.1,13.18676,279.14,3.8,19.284824,264.12,3.8,17.165271,254.66
bed1,bed_bath_table,01-10-2017,7,1782.65,11.15279,254.66,48,454,3,726,3.9,45,15,4,0,10,2017,0.451,1266.5,251.47,3.9,11.420926,330.91,3.6,14.953646,268.11,3.8,14.807071,254.66
bed1,bed_bath_table,01-11-2017,12,3055.98,18.651786,254.66,48,454,3,726,3.9,81,16,8,1,11,2017,0.754,656.5,256.28,3.9,12.467041,257.12,3.8,15.248095,254.47,3.6,17.714897,254.66
bed1,bed_bath_table,01-12-2017,12,3055.98,16.696622,254.66,48,454,3,726,3.9,79,22,7,0,12,2017,0.476,705.3,225.98,3.9,13.461021,276.27,3.5,15.713846,276.0,3.9,12.294841,254.66
bed1,bed_bath_table,01-01-2018,39,9931.93,14.80938,254.66,48,454,3,726,3.9,231,16,6,0,1,2018,0.302,1360.0,280.77,4.0,15.640051,255.62,4.2,12.117031,228.32,3.7,18.283548,254.66
bed1,bed_bath_table,01-03-2018,15,3819.97,13.334266,254.66,48,454,3,726,3.9,93,20,5,0,3,2018,0.419,1230.8,269.79,3.8,15.587018,237.57,3.8,12.695855,246.39,3.9,13.909198,254.66
bed1,bed_bath_table,01-05-2018,4,1018.66,13.840327,254.66,48,454,3,726,3.9,23,23,3,0,5,2018,0.784,1165.5,236.48,3.9,17.769003,343.76,4.0,10.147699,253.27,4.1,16.071545,254.66
bed1,bed_bath_table,01-06-2018,9,2291.98,10.317991,254.66,48,454,3,726,3.9,60,20,5,1,6,2018,0.323,1411.3,227.08,3.7,11.737819,318.43,3.8,12.604694,256.73,3.8,11.267851,254.66
bed2,bed_bath_table,01-02-2017,7,398.64,21.685579,56.95,42,479,2,2065,4.2,41,20,4,0,2,2017,0.294,3133.9,52.89,4.2,18.634461,48.61,4.4,28.419498,58.38,4.2,13.280946,58.27
bed2,bed_bath_table,01-04-2017,17,968.14,19.334371,56.95,42,479,2,2065,4.2,68,18,5,0,4,2017,0.28,3282.1,63.8,4.1,22.720763,76.44,4.1,24.98605,62.36,4.3,22.348937,56.95
bed2,bed_bath_table,01-05-2017,9,512.54,23.179574,56.95,42,479,2,2065,4.2,56,18,7,0,5,2017,0.883,2766.5,48.69,4.0,14.722139,47.13,4.2,26.468272,60.94,4.2,28.390046,56.95
bed2,bed_bath_table,01-06-2017,18,1025.09,20.946563,56.95,42,479,2,2065,4.2,127,18,5,0,6,2017,0.598,5214.8,63.02,4.2,25.126533,65.4,4.1,26.324448,49.84,4.3,15.563863,56.95
bed2,bed_bath_table,01-08-2017,6,341.7,22.321064,56.95,42,479,2,2065,4.2,30,19,6,0,8,2017,0.631,3168.9,61.92,4.2,15.156509,51.61,4.2,27.965086,53.83,4.1,27.857092,56.95
bed2,bed_bath_table,01-09-2017,13,740.34,22.02563,56.95,42,479,2,2065,4.2,85,21,9,0,9,2017,0.721,1771.8,52.09,4.2,18.590431,59.18,4.4,21.644808,60.17,4.1,24.849528,56.95
bed2,bed_bath_table,01-10-2017,5,284.75,23.404557,56.95,42,479,2,2065,4.2,30,18,7,0,10,2017,0.903,1957.9,63.75,4.1,30.547648,71.76,4.3,18.581096,62.23,4.0,28.863057,56.95
bed2,bed_bath_table,01-11-2017,8,455.59,23.022936,56.95,42,479,2,2065,4.2,57,18,7,0,11,2017,0.833,2014.4,49.51,4.4,29.049049,75.86,4.1,19.853977,54.78,3.8,17.39635,56.95
bed2,bed_bath_table,01-01-2018,9,404.99,22.30887,45.0,42,479,2,2065,4.2,43,20,8,0,1,2018,0.565,4573.7,52.69,4.1,15.791636,46.08,4.5,27.316482,39.37,3.9,17.666749,56.95
bed2,bed_bath_table,01-02-2018,16,719.99,18.002975,45.0,42,479,2,2065,4.2,97,14,8,0,2,2018,0.917,4616.1,38.42,4.2,18.152307,37.43,4.3,12.756723,40.21,4.3,17.1809,45.0
bed2,bed_bath_table,01-03-2018,83,3734.93,24.449052,45.0,42,479,2,2065,4.2,584,20,8,0,3,2018,0.528,1918.8,48.82,4.3,24.253388,49.89,4.2,33.981067,46.04,4.2,27.872722,45.0
bed2,bed_bath_table,01-05-2018,12,539.99,24.01235,45.0,42,479,2,2065,4.2,61,16,8,0,5,2018,0.263,3663.2,43.68,4.3,15.978807,37.04,4.2,19.691966,47.23,4.1,23.396668,45.0
bed2,bed_bath_table,01-07-2018,15,674.99,19.853053,45.0,42,479,2,2065,4.2,106,21,6,0,7,2018,0.714,5350.6,50.78,4.1,11.929534,56.24,4.2,16.22263,46.25,4.2,17.594865,45.0
bed3,bed_bath_table,01-02-2017,20,2450.02,23.615285,122.5,56,286,1,1825,4.0,116,18,7,0,2,2017,0.635,4375.6,109.71,3.8,16.592903,102.98,4.2,25.285253,138.85,4.1,15.158603,123.02
bed3,bed_bath_table,01-04-2017,17,2082.51,24.876107,122.5,56,286,1,1825,4.0,116,18,9,0,4,2017,0.709,2874.2,129.71,3.9,17.205676,161.8,4.0,20.494977,129.41,3.9,24.18597,122.5
bed3,bed_bath_table,01-05-2017,6,735.01,20.644084,122.5,56,286,1,1825,4.0,31,19,6,0,5,2017,0.933,3999.8,137.08,3.8,25.216293,157.74,4.1,16.959823,136.35,4.0,28.137763,122.5
bed3,bed_bath_table,01-06-2017,17,2082.51,17.975009,122.5,56,286,1,1825,4.0,79,15,6,0,6,2017,0.633,1905.2,111.71,4.0,14.519702,126.26,4.1,16.172455,114.0,4.1,18.46366,122.5
bed3,bed_bath_table,01-08-2017,8,980.01,19.48573,122.5,56,286,1,1825,4.0,46,22,9,0,8,2017,0.783,1798.0,120.67,4.0,14.973952,101.12,4.0,14.33874,123.37,4.2,16.544871,122.5
bed3,bed_bath_table,01-10-2017,10,1225.01,21.629262,122.5,56,286,1,1825,4.0,68,20,3,0,10,2017,0.656,4467.3,118.46,4.0,26.092299,115.71,4.1,18.500541,129.38,3.8,16.723054,122.5
bed3,bed_bath_table,01-11-2017,8,980.01,19.496595,122.5,56,286,1,1825,4.0,43,19,7,1,11,2017,0.904,3445.5,142.39,4.1,12.019884,160.04,3.9,26.990624,109.39,4.0,26.56908,122.5
bed3,bed_bath_table,01-12-2017,9,1102.51,17.443969,122.5,56,286,1,1825,4.0,54,21,7,1,12,2017,0.626,2806.7,117.21,3.9,12.090226,155.43,4.0,15.709261,106.99,3.8,13.344118,122.5
bed3,bed_bath_table,01-01-2018,8,980.01,20.974268,122.5,56,286,1,1825,4.0,54,22,3,0,1,2018,0.745,2056.8,130.71,4.3,19.307747,111.49,3.8,16.594723,111.42,4.3,25.565048,122.5
bed3,bed_bath_table,01-02-2018,12,1470.01,17.399069,122.5,56,286,1,1825,4.0,46,16,4,0,2,2018,0.454,4018.6,113.78,4.0,18.829371,119.86,3.9,22.221342,112.05,3.8,13.190171,122.5
bed3,bed_bath_table,01-03-2018,21,2572.52,20.153106,122.5,56,286,1,1825,4.0,115,17,5,0,3,2018,0.377,3044.5,143.4,4.0,21.098728,139.53,3.9,17.248229,134.82,4.1,23.633733,122.5
bed3,bed_bath_table,01-04-2018,13,1592.51,20.317733,122.5,56,286,1,1825,4.0,90,23,7,0,4,2018,0.591,3916.2,110.66,3.8,16.041685,138.56,3.9,23.036035,121.88,4.2,16.149714,122.5
bed3,bed_bath_table,01-06-2018,19,2437.73,17.51358,128.3,56,286,1,1825,4.0,115,16,8,0,6,2018,0.483,2568.8,110.22,3.8,22.611994,164.59,3.9,18.851336,124.39,4.0,16.234589,122.5
bed3,bed_bath_table,01-07-2018,6,769.81,24.500766,128.3,56,286,1,1825,4.0,34,21,7,0,7,2018,0.444,1664.5,113.78,4.2,28.820744,154.6,4.0,17.096548,126.23,4.0,23.425383,128.3
bed4,bed_bath_table,01-01-2017,28,2029.59,16.466949,72.49,42,358,3,1067,4.1,142,15,5,0,1,2017,0.633,1449.6,84.51,4.1,15.568106,72.46,4.0,11.479203,72.07,4.1,11.536546,69.51
bed4,bed_bath_table,01-02-2017,8,579.88,18.662434,72.49,42,358,3,1067,4.1,40,16,7,0,2,2017,0.451,2624.0,84.6,4.0,14.687807,83.02,3.8,25.830142,64.07,4.2,12.580551,72.49
bed4,bed_bath_table,01-05-2017,15,1087.28,14.277953,72.49,42,358,3,1067,4.1,116,21,6,0,5,2017,0.834,2688.4,68.97,4.0,16.686484,97.59,4.3,16.386197,78.5,4.3,10.907209,72.49
bed4,bed_bath_table,01-06-2017,14,741.24,17.496403,52.95,42,358,3,1067,4.1,97,15,7,0,6,2017,0.573,2038.6,48.24,4.1,11.741678,64.4,4.2,23.448083,56.8,4.3,13.511198,72.49
bed4,bed_bath_table,01-08-2017,8,423.57,14.938294,52.95,42,358,3,1067,4.1,52,16,7,0,8,2017,0.873,1168.6,56.23,4.4,13.518361,42.38,4.0,16.153178,59.02,4.3,12.888388,52.95
bed4,bed_bath_table,01-10-2017,13,688.29,13.845017,52.95,42,358,3,1067,4.1,70,19,5,0,10,2017,0.628,2567.8,59.45,4.3,19.318753,55.2,3.8,17.911202,48.32,4.1,8.317857,52.95
bed4,bed_bath_table,01-11-2017,7,370.62,12.524792,52.95,42,358,3,1067,4.1,38,17,7,1,11,2017,0.625,2751.6,49.78,4.2,8.333291,45.87,3.9,9.441667,54.24,4.2,13.983414,52.95
bed4,bed_bath_table,01-02-2018,24,1270.7,9.356961,52.95,42,358,3,1067,4.1,156,14,7,0,2,2018,0.284,1231.6,58.27,4.1,9.651985,65.35,3.9,10.60266,49.37,3.9,9.891529,52.95
bed4,bed_bath_table,01-03-2018,35,1853.1,12.656131,52.95,42,358,3,1067,4.1,223,20,5,1,3,2018,0.425,1787.0,61.58,4.1,9.250042,43.67,4.0,16.123683,48.4,4.1,9.397124,52.95
bed4,bed_bath_table,01-04-2018,22,1164.8,13.116,52.95,42,358,3,1067,4.1,124,18,6,0,4,2018,0.525,2280.5,54.82,3.9,17.958583,54.73,4.0,13.389934,49.46,4.0,13.274009,52.95
bed4,bed_bath_table,01-06-2018,21,1111.86,14.580505,52.95,42,358,3,1067,4.1,106,22,7,0,6,2018,0.525,2309.4,48.04,4.1,19.034076,52.73,4.3,20.406021,51.86,3.9,12.414111,52.95
bed4,bed_bath_table,01-07-2018,20,1058.91,12.891031,52.95,42,358,3,1067,4.1,113,21,7,0,7,2018,0.539,1319.6,62.95,4.3,9.317932,58.83,4.2,11.497092,53.76,4.1,14.001943,52.95
bed4,bed_bath_table,01-08-2018,20,1058.91,15.492166,52.95,42,358,3,1067,4.1,148,17,5,0,8,2018,0.435,1447.2,58.64,3.9,13.59853,65.6,3.8,21.172213,55.47,4.2,9.555767,52.95
bed5,bed_bath_table,01-02-2017,17,2459.76,30.383675,144.69,59,819,1,3717,4.4,103,19,7,0,2,2017,0.518,3277.5,156.51,4.2,31.900599,166.03,4.4,23.879146,125.33,4.3,35.150255,142.29
bed5,bed_bath_table,01-03-2017,8,1157.53,27.380307,144.69,59,819,1,3717,4.4,55,14,6,0,3,2017,0.34,3444.1,154.27,4.3,17.114207,183.73,4.4,31.144672,131.17,4.2,28.520024,144.69
bed5,bed_bath_table,01-04-2017,6,734.61,31.053795,122.43,59,819,1,3717,4.4,36,15,6,0,4,2017,0.43,5447.2,128.34,4.4,37.326086,138.81,4.2,30.551855,118.42,4.5,29.079771,144.69
bed5,bed_bath_table,01-05-2017,50,6121.75,32.742304,122.43,59,819,1,3717,4.4,346,18,9,0,5,2017,0.37,9623.3,141.11,4.4,22.207925,164.33,4.5,23.712643,107.34,4.5,40.656944,122.43
bed5,bed_bath_table,01-06-2017,12,1650.94,34.327946,137.58,59,819,1,3717,4.4,72,20,6,0,6,2017,0.666,9556.4,134.41,4.4,32.516504,153.92,4.5,22.314393,147.74,4.5,26.210595,122.43
bed5,bed_bath_table,01-08-2017,12,1650.94,32.814992,137.58,59,819,1,3717,4.4,75,15,7,0,8,2017,0.759,8783.4,147.77,4.5,40.563544,166.85,4.5,43.441524,130.32,4.4,35.107838,137.58
bed5,bed_bath_table,01-10-2017,5,687.89,27.690308,137.58,59,819,1,3717,4.4,24,14,3,0,10,2017,0.315,4144.3,161.07,4.4,21.223324,180.2,4.2,22.686024,127.08,4.3,23.561233,137.58
bed5,bed_bath_table,01-11-2017,18,2476.4,26.486186,137.58,59,819,1,3717,4.4,100,15,6,1,11,2017,0.427,7431.4,117.54,4.2,22.044067,185.55,4.4,21.378076,152.61,4.3,26.455049,137.58
bed5,bed_bath_table,01-02-2018,20,2224.9,26.431744,111.24,59,819,1,3717,4.4,139,21,4,0,2,2018,0.44,6450.4,126.55,4.5,33.846208,96.34,4.5,24.276995,96.68,4.5,27.500728,137.58
bed5,bed_bath_table,01-03-2018,16,1779.92,35.078699,111.24,59,819,1,3717,4.4,88,15,6,0,3,2018,0.718,3051.1,133.16,4.2,33.072096,103.89,4.4,37.31853,125.03,4.4,39.334808,111.24
bed5,bed_bath_table,01-06-2018,26,2892.36,25.434646,111.24,59,819,1,3717,4.4,174,15,8,0,6,2018,0.409,2986.6,107.3,4.3,29.414614,103.13,4.1,21.410017,115.57,4.5,22.816782,111.24
bed5,bed_bath_table,01-08-2018,23,2558.63,30.068718,111.24,59,819,1,3717,4.4,135,15,6,0,8,2018,0.567,8819.9,105.52,4.4,36.528937,146.95,4.3,21.01012,123.36,4.5,25.381256,111.24
computers1,computers_accessories,01-03-2017,17,4003.47,24.97718,235.5,47,1493,3,2589,4.1,90,18,9,0,3,2017,0.807,4171.9,246.19,3.8,24.29731,207.76,4.1,16.632195,249.9,4.1,15.203424,231.53
computers1,computers_accessories,01-04-2017,11,2590.48,21.873115,235.5,47,1493,3,2589,4.1,69,18,7,0,4,2017,0.656,2821.7,231.05,4.1,22.360756,258.24,4.1,27.301558,249.42,4.0,27.070645,235.5
computers1,computers_accessories,01-05-2017,12,2825.98,26.67303,235.5,47,1493,3,2589,4.1,51,19,6,0,5,2017,0.269,6048.8,226.96,4.2,22.980389,270.39,3.7,20.406348,200.43,4.2,35.192438,235.5
computers1,computers_accessories,01-07-2017,4,941.99,23.928894,235.5,47,1493,3,2589,4.1,28,19,8,0,7,2017,0.608,6680.8,269.74,4.0,15.75096,248.41,4.0,17.56833,270.28,4.1,18.467663,235.5
computers1,computers_accessories,01-08-2017,7,1648.49,26.650904,235.5,47,1493,3,2589,4.1,43,19,9,0,8,2017,0.434,4601.1,272.46,4.0,29.000057,296.34,4.2,28.351844,211.03,3.9,25.995664,235.5
computers1,computers_accessories,01-09-2017,8,1663.26,25.645857,207.91,47,1493,3,2589,4.1,55,15,4,0,9,2017,0.798,2253.5,177.57,4.1,24.512427,265.9,3.8,20.48735,220.5,4.3,30.83198,235.5
computers1,computers_accessories,01-10-2017,19,3950.24,22.85358,207.91,47,1493,3,2589,4.1,106,18,3,0,10,2017,0.695,3379.7,232.04,4.1,22.936825,235.29,4.2,21.651164,212.66,4.0,20.6876,207.91
computers1,computers_accessories,01-11-2017,38,7900.48,23.11193,207.91,47,1493,3,2589,4.1,224,18,4,0,11,2017,0.572,2296.4,215.37,4.0,20.825677,230.2,3.8,21.4379,196.7,4.2,26.920629,207.91
computers1,computers_accessories,01-12-2017,8,1663.26,19.398885,207.91,47,1493,3,2589,4.1,45,16,5,1,12,2017,0.414,5326.8,221.8,4.2,20.423645,226.83,3.9,15.809753,235.82,4.3,17.580617,207.91
computers1,computers_accessories,01-03-2018,25,5197.69,29.725591,207.91,47,1493,3,2589,4.1,140,22,8,0,3,2018,0.293,2824.1,225.86,3.9,40.744856,220.74,4.0,24.695383,223.62,4.3,26.807723,207.91
computers1,computers_accessories,01-04-2018,9,1871.17,22.388902,207.91,47,1493,3,2589,4.1,69,22,8,0,4,2018,0.807,4588.8,184.76,3.7,14.25662,222.66,4.2,14.023261,220.1,3.9,30.087841,207.91
computers1,computers_accessories,01-07-2018,26,5405.59,27.73822,207.91,47,1493,3,2589,4.1,127,16,5,0,7,2018,0.512,3537.7,182.01,4.0,33.316761,167.51,4.2,30.615831,177.62,4.2,28.073853,207.91
computers1,computers_accessories,01-08-2018,10,2079.07,22.34208,207.91,47,1493,3,2589,4.1,43,17,6,0,8,2018,0.36,5911.2,243.87,4.0,16.803523,267.79,4.0,17.025711,194.34,4.1,27.377819,207.91
computers2,computers_accessories,01-01-2017,19,1633.86,45.846596,85.99,36,257,2,6448,4.3,107,16,5,1,1,2017,0.659,11666.8,80.94,4.4,57.037763,85.76,4.4,52.927957,92.06,4.2,38.411409,83.97
computers2,computers_accessories,01-05-2017,8,687.94,48.882979,85.99,36,257,2,6448,4.3,36,18,4,0,5,2017,0.501,14166.8,79.54,4.2,31.61771,97.1,4.0,38.937966,91.79,4.3,43.913532,85.99
computers2,computers_accessories,01-06-2017,16,1375.88,43.378339,85.99,36,257,2,6448,4.3,78,20,9,0,6,2017,0.277,12090.2,93.04,4.2,29.625952,85.38,4.3,28.259134,91.29,4.2,49.895678,85.99
computers2,computers_accessories,01-07-2017,4,343.97,43.89245,85.99,36,257,2,6448,4.3,22,19,5,0,7,2017,0.943,12738.6,79.29,4.3,49.302182,103.41,4.2,26.820207,78.94,4.3,39.668722,85.99
computers2,computers_accessories,01-08-2017,8,636.89,44.251751,79.61,36,257,2,6448,4.3,51,19,5,0,8,2017,0.787,5271.8,90.02,4.2,28.011839,64.58,4.2,33.662157,86.66,4.3,37.828405,85.99
computers2,computers_accessories,01-09-2017,10,796.12,45.887551,79.61,36,257,2,6448,4.3,62,22,8,0,9,2017,0.89,13572.9,85.87,4.2,52.083558,105.1,4.4,42.772966,90.59,4.3,46.879083,79.61
computers2,computers_accessories,01-10-2017,22,1751.45,43.217565,79.61,36,257,2,6448,4.3,121,16,4,0,10,2017,0.353,12612.4,79.53,4.3,38.364794,85.53,4.4,57.034618,90.11,4.2,35.167935,79.61
computers2,computers_accessories,01-01-2018,8,636.89,53.069083,79.61,36,257,2,6448,4.3,51,16,5,0,1,2018,0.593,9561.9,70.23,4.2,68.849669,80.16,4.4,47.971464,88.41,4.3,67.062966,79.61
computers2,computers_accessories,01-05-2018,13,1034.95,46.251088,79.61,36,257,2,6448,4.3,93,18,7,0,5,2018,0.897,13800.9,70.72,4.2,47.170957,66.52,4.3,57.425728,69.99,4.0,45.627856,79.61
computers2,computers_accessories,01-06-2018,8,636.89,48.58853,79.61,36,257,2,6448,4.3,60,20,7,0,6,2018,0.661,13292.6,84.96,4.4,59.643752,97.52,4.1,51.520946,83.09,4.1,32.807594,79.61
computers3,computers_accessories,01-02-2017,9,684.93,15.181618,76.1,48,206,1,825,3.9,50,21,6,0,2,2017,0.483,1876.7,67.72,4.0,19.126836,83.38,4.0,11.009872,79.28,4.1,20.847291,77.68
computers3,computers_accessories,01-03-2017,16,1217.66,13.222149,76.1,48,206,1,825,3.9,108,16,8,0,3,2017,0.712,782.4,70.04,4.2,18.234668,70.06,4.0,11.407798,75.77,4.0,10.697606,76.1
computers3,computers_accessories,01-07-2017,7,532.73,15.627261,76.1,48,206,1,825,3.9,37,16,9,0,7,2017,0.853,2012.4,91.01,3.9,15.095645,66.61,4.1,20.459315,69.76,4.0,16.386924,76.1
computers3,computers_accessories,01-08-2017,8,608.83,16.381358,76.1,48,206,1,825,3.9,55,15,3,0,8,2017,0.473,1761.9,85.1,4.0,18.856777,90.29,4.0,16.638384,83.07,4.0,17.080597,76.1
computers3,computers_accessories,01-10-2017,9,684.93,17.351592,76.1,48,206,1,825,3.9,53,19,5,0,10,2017,0.264,1531.7,74.84,3.7,21.445669,96.72,3.8,12.795801,68.26,3.9,11.585708,76.1
computers3,computers_accessories,01-11-2017,13,1048.17,13.564996,80.63,48,206,1,825,3.9,72,21,5,1,11,2017,0.873,958.3,88.55,3.9,11.959556,79.44,3.8,15.401517,87.59,4.1,18.607939,76.1
computers3,computers_accessories,01-01-2018,5,403.14,15.139044,80.63,48,206,1,825,3.9,37,18,9,0,1,2018,0.78,803.4,75.17,3.9,15.945026,67.4,3.9,20.451768,89.64,3.8,13.970688,80.63
computers3,computers_accessories,01-03-2018,8,645.03,11.905248,80.63,48,206,1,825,3.9,59,20,8,0,3,2018,0.679,1403.4,73.07,4.1,14.693367,77.76,3.9,8.902295,85.28,3.8,12.733675,80.63
computers3,computers_accessories,01-04-2018,5,403.14,13.026028,80.63,48,206,1,825,3.9,23,15,8,1,4,2018,0.915,753.5,77.15,3.6,16.273433,105.47,3.9,11.764232,85.1,4.3,13.15804,80.63
computers3,computers_accessories,01-05-2018,17,1370.68,15.195884,80.63,48,206,1,825,3.9,118,16,6,0,5,2018,0.729,982.8,86.34,4.0,21.140091,77.38,3.9,12.919807,89.76,3.9,11.49132,80.63
computers3,computers_accessories,01-06-2018,11,886.91,13.440612,80.63,48,206,1,825,3.9,55,20,4,0,6,2018,0.383,1651.6,81.24,4.1,12.100432,103.98,4.0,11.756452,84.11,3.7,16.309621,80.63
computers3,computers_accessories,01-07-2018,11,771.9,17.560304,70.17,48,206,1,825,3.9,57,15,3,0,7,2018,0.633,1268.0,80.23,3.9,10.640382,81.77,3.8,14.796528,75.38,3.9,14.214836,80.63
computers4,computers_accessories,01-03-2017,6,667.94,13.463997,111.32,37,270,4,602,4.5,36,15,8,0,3,2017,0.881,1337.6,113.39,4.5,18.736039,133.84,4.5,11.630826,120.01,4.5,16.280478,108.78
computers4,computers_accessories,01-06-2017,11,1224.55,10.038707,111.32,37,270,4,602,4.5,59,22,5,0,6,2017,0.614,1014.2,101.02,4.5,13.751601,117.52,4.5,8.006648,116.5,4.2,6.657143,111.32
computers4,computers_accessories,01-07-2017,4,445.29,13.134809,111.32,37,270,4,602,4.5,24,14,5,0,7,2017,0.747,939.1,109.95,4.4,18.09277,93.13,4.3,10.136635,115.81,4.5,15.465695,111.32
computers4,computers_accessories,01-08-2017,7,779.26,11.867951,111.32,37,270,4,602,4.5,39,23,5,0,8,2017,0.576,1277.7,101.24,4.5,11.498268,116.01,4.5,13.079307,105.27,4.5,7.632776,111.32
computers4,computers_accessories,01-09-2017,5,602.27,12.175476,120.45,37,270,4,602,4.5,27,22,3,0,9,2017,0.31,961.8,134.63,4.5,9.688683,122.06,4.4,7.370596,130.96,4.4,13.161986,111.32
computers4,computers_accessories,01-10-2017,2,240.91,16.350828,120.45,37,270,4,602,4.5,15,16,7,0,10,2017,0.653,958.6,143.4,4.5,10.946119,117.96,4.5,16.638639,110.8,4.5,20.28155,120.45
computers4,computers_accessories,01-12-2017,15,1806.8,13.321061,120.45,37,270,4,602,4.5,81,18,7,1,12,2017,0.818,960.7,121.34,4.5,12.76211,127.13,4.3,17.908023,104.14,4.3,12.870173,120.45
computers4,computers_accessories,01-01-2018,11,1324.99,15.543419,120.45,37,270,4,602,4.5,59,20,3,0,1,2018,0.814,752.3,131.22,4.5,19.9928,152.62,4.4,19.279814,121.71,4.4,17.503263,120.45
computers4,computers_accessories,01-02-2018,10,1204.54,13.973847,120.45,37,270,4,602,4.5,44,16,9,0,2,2018,0.339,532.3,121.86,4.4,15.216631,106.41,4.5,14.45731,110.17,4.3,11.011274,120.45
computers4,computers_accessories,01-04-2018,15,2025.63,8.096894,135.04,37,270,4,602,4.5,97,16,8,0,4,2018,0.804,919.1,157.64,4.5,9.783435,112.1,4.3,6.550895,151.34,4.5,7.395211,120.45
computers4,computers_accessories,01-05-2018,16,2160.67,12.694944,135.04,37,270,4,602,4.5,95,15,8,0,5,2018,0.592,846.1,138.72,4.3,12.36883,140.85,4.5,16.664614,115.58,4.5,13.996505,135.04
computers4,computers_accessories,01-06-2018,5,675.21,15.380894,135.04,37,270,4,602,4.5,24,18,7,0,6,2018,0.769,556.9,160.0,4.2,13.759588,148.45,4.3,20.879901,126.94,4.4,16.563481,135.04
computers4,computers_accessories,01-08-2018,7,945.29,12.8931,135.04,37,270,4,602,4.5,43,20,3,0,8,2018,0.703,1203.0,137.25,4.5,14.894914,135.13,4.5,14.28602,145.04,4.5,13.907262,135.04
computers5,computers_accessories,01-01-2017,32,2520.06,14.293567,78.75,55,360,1,597,4.2,233,23,4,0,1,2017,0.436,1100.6,75.9,4.3,19.286545,70.68,4.1,13.222891,83.94,4.2,14.948265,97.45
computers5,computers_accessories,01-03-2017,23,1811.29,13.067386,78.75,55,360,1,597,4.2,110,14,3,0,3,2017,0.833,1132.2,79.74,4.4,13.073686,92.42,4.3,17.078361,85.23,4.2,14.393575,78.75
computers5,computers_accessories,01-07-2017,13,1023.77,12.088739,78.75,55,360,1,597,4.2,65,22,3,0,7,2017,0.539,930.6,78.05,4.2,16.363807,96.16,4.5,12.359592,77.7,4.1,13.600334,78.75
computers5,computers_accessories,01-08-2017,39,2269.45,13.861934,58.19,55,360,1,597,4.2,224,16,3,0,8,2017,0.497,1154.2,62.88,4.5,14.958486,63.09,4.3,12.425236,64.68,4.4,9.808636,78.75
computers5,computers_accessories,01-10-2017,35,2036.68,12.06045,58.19,55,360,1,597,4.2,159,16,7,0,10,2017,0.434,558.9,59.0,4.3,11.754214,54.0,4.4,15.700256,50.88,4.1,15.085895,58.19
computers5,computers_accessories,01-11-2017,22,1280.2,15.518541,58.19,55,360,1,597,4.2,113,21,8,0,11,2017,0.333,821.2,53.5,4.3,14.985675,65.84,4.2,19.983334,65.6,4.3,19.166,58.19
computers5,computers_accessories,01-12-2017,15,872.86,14.360226,58.19,55,360,1,597,4.2,81,21,7,0,12,2017,0.343,1505.8,51.5,4.0,12.472794,64.75,4.3,14.486151,58.19,4.4,9.18687,58.19
computers5,computers_accessories,01-02-2018,74,4306.13,9.772117,58.19,55,360,1,597,4.2,362,16,4,0,2,2018,0.541,750.3,64.2,4.4,9.562503,73.42,4.2,8.763791,53.56,4.2,7.923306,58.19
computers5,computers_accessories,01-04-2018,65,3782.41,16.045973,58.19,55,360,1,597,4.2,320,18,8,0,4,2018,0.328,1070.2,65.91,4.5,15.472993,57.02,4.3,17.56553,60.4,4.2,17.569544,58.19
computers5,computers_accessories,01-05-2018,16,931.06,13.269761,58.19,55,360,1,597,4.2,89,15,5,0,5,2018,0.795,996.3,54.45,4.1,11.782585,76.78,4.1,9.0742,52.22,4.1,17.276054,58.19
computers5,computers_accessories,01-06-2018,30,1745.73,7.753151,58.19,55,360,1,597,4.2,138,22,3,0,6,2018,0.83,631.6,68.35,4.3,8.392153,60.83,4.3,10.345287,56.9,4.2,6.73765,58.19
computers5,computers_accessories,01-07-2018,42,2444.02,12.827061,58.19,55,360,1,597,4.2,234,23,5,0,7,2018,0.795,1203.3,51.51,4.4,7.926848,50.18,4.1,16.107853,61.43,4.1,9.294186,58.19
computers6,computers_accessories,01-02-2017,17,2422.09,19.306558,142.48,60,1766,3,1505,3.9,79,15,3,0,2,2017,0.6,3322.8,151.32,4.1,18.455252,117.73,4.1,16.480434,121.8,3.8,15.418186,139.22
computers6,computers_accessories,01-03-2017,6,854.86,19.030354,142.48,60,1766,3,1505,3.9,31,21,6,0,3,2017,0.41,2708.6,135.68,3.8,17.957566,157.3,3.6,17.765982,135.41,3.6,14.205229,142.48
computers6,computers_accessories,01-05-2017,20,2849.52,16.289096,142.48,60,1766,3,1505,3.9,120,18,7,0,5,2017,0.732,3506.7,136.41,3.7,12.171686,144.11,3.8,17.249154,133.56,3.8,13.569324,142.48
computers6,computers_accessories,01-07-2017,12,1709.71,17.744289,142.48,60,1766,3,1505,3.9,58,18,4,0,7,2017,0.321,2182.5,135.32,4.2,21.122555,182.19,3.7,16.765338,140.65,3.8,16.653364,142.48
computers6,computers_accessories,01-10-2017,4,569.9,17.305552,142.48,60,1766,3,1505,3.9,17,16,8,0,10,2017,0.859,2263.4,146.78,3.9,22.599132,133.99,4.3,17.041103,129.7,3.7,13.663866,142.48
computers6,computers_accessories,01-12-2017,16,2279.61,16.998864,142.48,60,1766,3,1505,3.9,101,23,8,1,12,2017,0.32,1775.6,144.84,4.0,16.613157,143.83,4.0,13.435096,136.06,3.8,14.792735,142.48
computers6,computers_accessories,01-02-2018,18,2564.57,17.661539,142.48,60,1766,3,1505,3.9,125,20,7,0,2,2018,0.464,1526.7,142.07,4.1,19.477928,121.49,4.1,19.417428,139.07,3.7,12.972588,142.48
computers6,computers_accessories,01-05-2018,21,2991.99,14.383549,142.48,60,1766,3,1505,3.9,123,17,6,0,5,2018,0.472,3806.7,157.06,3.7,13.682124,182.53,4.1,10.852723,153.46,4.1,9.275232,142.48
computers6,computers_accessories,01-07-2018,7,1120.04,13.644909,160.01,60,1766,3,1505,3.9,45,16,5,0,7,2018,0.913,2197.3,150.19,3.8,9.972998,213.19,4.1,18.437417,149.06,3.8,14.274546,142.48
computers6,computers_accessories,01-08-2018,8,1280.05,17.942744,160.01,60,1766,3,1505,3.9,41,22,4,0,8,2018,0.735,2186.2,173.46,3.7,21.874448,136.34,4.1,18.533557,145.56,3.6,17.877428,160.01
consoles1,consoles_games,01-03-2017,12,1564.35,19.061073,130.36,51,649,1,2206,3.8,54,19,7,0,3,2017,0.476,4962.2,112.88,3.7,20.740188,124.32,3.8,16.099912,147.66,3.9,16.019963,132.4
consoles1,consoles_games,01-04-2017,21,2737.61,24.215784,130.36,51,649,1,2206,3.8,106,15,5,0,4,2017,0.729,3498.5,149.28,3.8,30.163697,140.67,3.8,25.849752,129.2,3.8,16.804971,130.36
consoles1,consoles_games,01-06-2017,5,651.81,22.74358,130.36,51,649,1,2206,3.8,27,14,7,0,6,2017,0.717,3188.5,121.57,3.7,29.854859,152.65,4.0,30.808442,121.53,3.8,29.514137,130.36
consoles1,consoles_games,01-07-2017,9,1260.08,24.974544,140.01,51,649,1,2206,3.8,46,20,8,0,7,2017,0.945,1856.5,156.6,3.6,29.003102,166.86,4.0,28.840578,133.61,3.9,29.064452,130.36
consoles1,consoles_games,01-08-2017,12,1680.1,20.664038,140.01,51,649,1,2206,3.8,57,21,6,0,8,2017,0.949,3045.3,143.96,3.8,17.720546,162.87,3.7,13.456732,157.5,3.4,17.339475,140.01
consoles1,consoles_games,01-09-2017,16,1793.79,18.837197,112.11,51,649,1,2206,3.8,113,16,7,0,9,2017,0.616,2734.9,114.07,4.3,15.7915,141.42,3.6,21.745276,121.78,3.9,15.669476,140.01
consoles1,consoles_games,01-10-2017,18,1555.2,21.904823,86.4,51,649,1,2206,3.8,93,19,5,0,10,2017,0.309,2572.7,98.13,3.9,24.562993,76.19,4.0,28.997739,77.5,3.9,16.906117,112.11
consoles1,consoles_games,01-01-2018,51,3956.13,22.318308,77.57,51,649,1,2206,3.8,290,14,6,0,1,2018,0.682,3967.5,89.58,4.1,27.763754,103.79,3.6,29.467614,73.44,3.8,17.161503,86.4
consoles1,consoles_games,01-03-2018,18,1396.28,22.13178,77.57,51,649,1,2206,3.8,94,15,9,0,3,2018,0.47,2049.8,85.58,3.8,25.783002,86.04,3.9,15.09572,69.54,3.7,16.614015,77.57
consoles1,consoles_games,01-04-2018,44,3413.13,19.478707,77.57,51,649,1,2206,3.8,219,16,8,0,4,2018,0.655,4587.5,80.54,4.1,23.753268,78.05,3.9,20.815363,78.71,3.7,14.157387,77.57
consoles1,consoles_games,01-05-2018,35,3044.14,20.817558,86.98,51,649,1,2206,3.8,155,15,6,0,5,2018,0.437,2024.3,74.55,3.7,13.148843,90.13,3.7,12.905016,91.51,3.8,24.559518,77.57
consoles1,consoles_games,01-06-2018,10,869.75,27.304292,86.98,51,649,1,2206,3.8,60,17,7,0,6,2018,0.861,5287.9,95.97,3.6,30.117744,70.3,3.8,32.231983,96.5,3.9,33.862622,86.98
consoles1,consoles_games,01-07-2018,27,2348.33,21.256264,86.98,51,649,1,2206,3.8,151,14,5,0,7,2018,0.814,4027.3,79.38,4.0,20.918466,85.28,3.6,17.737301,75.73,3.8,29.302263,86.98
consoles2,consoles_games,01-01-2017,21,6603.71,10.767271,314.46,58,237,1,304,4.2,129,15,8,0,1,2017,0.51,652.5,368.45,4.5,10.896963,414.79,4.1,12.983478,345.3,4.4,8.844477,316.88
consoles2,consoles_games,01-03-2017,5,1572.31,9.362991,314.46,58,237,1,304,4.2,24,15,6,0,3,2017,0.261,609.3,327.41,4.2,7.720617,341.67,4.1,12.676892,280.42,4.1,11.101353,314.46
consoles2,consoles_games,01-04-2017,16,4152.54,4.346582,259.53,58,237,1,304,4.2,85,18,4,0,4,2017,0.528,516.5,229.24,4.1,4.0,348.06,3.9,4.0,262.72,3.9,4.455503,314.46
consoles2,consoles_games,01-05-2017,4,1038.13,11.100639,259.53,58,237,1,304,4.2,11,16,8,0,5,2017,0.889,328.5,264.76,4.1,7.852023,262.35,4.0,7.367097,234.08,4.0,6.686057,259.53
consoles2,consoles_games,01-06-2017,16,4152.54,11.125604,259.53,58,237,1,304,4.2,105,15,8,0,6,2017,0.73,640.2,262.95,4.2,14.926716,211.22,4.0,13.104359,276.74,4.1,13.091881,259.53
consoles2,consoles_games,01-08-2017,21,5450.21,9.588681,259.53,58,237,1,304,4.2,130,21,7,0,8,2017,0.637,723.8,310.14,4.4,6.900195,244.42,4.0,8.191567,289.19,4.2,6.494318,259.53
consoles2,consoles_games,01-09-2017,6,1557.2,8.935935,259.53,58,237,1,304,4.2,36,16,6,0,9,2017,0.645,327.4,281.25,4.1,10.878097,311.34,4.2,7.042549,274.07,4.3,7.21854,259.53
consoles2,consoles_games,01-10-2017,10,2595.34,11.792663,259.53,58,237,1,304,4.2,74,15,4,0,10,2017,0.437,269.2,228.4,4.1,7.325774,226.2,4.2,16.509493,232.94,4.2,8.960735,259.53
consoles2,consoles_games,01-11-2017,25,6488.34,10.889409,259.53,58,237,1,304,4.2,182,21,5,0,11,2017,0.462,461.6,299.42,4.3,12.904069,287.11,4.0,6.921201,289.91,4.2,10.186454,259.53
consoles2,consoles_games,01-12-2017,16,4152.54,15.767053,259.53,58,237,1,304,4.2,87,15,5,1,12,2017,0.358,521.5,259.4,4.3,19.651964,210.75,4.1,13.687088,250.0,4.1,13.550765,259.53
consoles2,consoles_games,01-01-2018,6,1557.2,11.377121,259.53,58,237,1,304,4.2,36,22,5,0,1,2018,0.926,410.6,289.14,4.2,8.06323,322.49,4.3,15.185113,284.38,4.2,12.380523,259.53
consoles2,consoles_games,01-02-2018,21,5450.21,14.69422,259.53,58,237,1,304,4.2,130,14,5,0,2,2018,0.504,256.4,260.17,4.5,15.966763,243.78,4.4,12.360179,238.53,4.2,16.664714,259.53
consoles2,consoles_games,01-03-2018,17,4412.07,11.149449,259.53,58,237,1,304,4.2,82,17,7,0,3,2018,0.487,619.7,309.26,4.0,13.370578,315.93,4.2,14.632764,262.63,3.9,7.288556,259.53
consoles2,consoles_games,01-04-2018,14,3960.14,12.178504,282.87,58,237,1,304,4.2,77,22,6,0,4,2018,0.673,645.4,258.22,4.0,12.119919,266.42,4.2,9.904922,256.46,4.3,8.680139,259.53
consoles2,consoles_games,01-05-2018,17,4808.74,7.590744,282.87,58,237,1,304,4.2,111,17,8,0,5,2018,0.271,470.2,292.06,4.0,6.935435,283.31,4.1,9.51759,247.52,4.5,7.53953,282.87
consoles2,consoles_games,01-06-2018,15,4243.01,14.158531,282.87,58,237,1,304,4.2,114,23,6,0,6,2018,0.728,327.5,281.75,4.0,16.586705,227.48,4.3,18.710042,285.48,4.4,12.273677,282.87
consoles2,consoles_games,01-08-2018,26,7354.54,9.785618,282.87,58,237,1,304,4.2,185,16,9,0,8,2018,0.472,476.1,297.36,4.1,7.532374,278.38,4.2,10.385091,289.9,4.2,13.018499,282.87
cool1,cool_stuff,01-02-2017,16,1607.35,38.164291,100.46,51,1094,3,3893,4.0,100,19,7,0,2,2017,0.497,9510.1,96.79,4.3,40.093096,96.44,4.1,43.418813,91.84,4.2,34.056673,98.66
cool1,cool_stuff,01-03-2017,25,2511.49,32.110336,100.46,51,1094,3,3893,4.0,149,20,5,0,3,2017,0.586,9572.9,103.32,4.1,25.880083,111.45,3.9,27.891347,101.23,3.9,37.961117,100.46
cool1,cool_stuff,01-05-2017,11,1105.05,28.379235,100.46,51,1094,3,3893,4.0,84,21,4,0,5,2017,0.504,6163.2,101.31,4.0,27.197905,116.96,3.8,27.180496,112.38,3.6,21.030688,100.46
cool1,cool_stuff,01-06-2017,3,301.38,34.129558,100.46,51,1094,3,3893,4.0,24,16,5,1,6,2017,0.638,4214.1,111.86,4.1,30.070986,131.49,4.2,25.662776,110.04,4.1,43.867223,100.46
cool1,cool_stuff,01-07-2017,11,1105.05,29.227876,100.46,51,1094,3,3893,4.0,80,20,8,0,7,2017,0.254,6687.6,94.06,3.9,17.874303,132.78,4.1,22.927766,107.22,4.0,29.778553,100.46
cool1,cool_stuff,01-08-2017,7,703.22,30.307359,100.46,51,1094,3,3893,4.0,43,22,6,0,8,2017,0.589,9962.4,91.2,4.0,40.231296,113.91,4.1,21.974163,113.12,4.0,20.769565,100.46
cool1,cool_stuff,01-09-2017,20,2009.19,31.672808,100.46,51,1094,3,3893,4.0,121,16,7,1,9,2017,0.867,8108.9,98.52,4.2,35.134556,106.51,4.0,24.997925,113.86,3.9,38.273346,100.46
cool1,cool_stuff,01-10-2017,6,602.76,29.673178,100.46,51,1094,3,3893,4.0,29,16,5,0,10,2017,0.418,7843.2,105.49,4.0,39.277114,104.3,4.0,34.649473,97.28,3.8,24.990536,100.46
cool1,cool_stuff,01-02-2018,8,803.68,32.128201,100.46,51,1094,3,3893,4.0,59,16,5,0,2,2018,0.84,3911.3,91.09,3.9,28.167609,108.08,4.2,43.546147,86.17,4.1,29.082627,100.46
cool1,cool_stuff,01-03-2018,18,1808.27,31.753863,100.46,51,1094,3,3893,4.0,117,19,6,0,3,2018,0.38,8554.9,88.07,3.7,31.87545,100.84,4.0,32.452163,111.17,4.0,27.575907,100.46
cool1,cool_stuff,01-04-2018,19,1908.73,32.565303,100.46,51,1094,3,3893,4.0,130,22,9,0,4,2018,0.382,8674.3,104.51,3.9,28.50935,127.81,4.1,34.986853,115.08,4.1,38.953984,100.46
cool1,cool_stuff,01-06-2018,19,1419.15,28.645199,74.69,51,1094,3,3893,4.0,99,18,6,0,6,2018,0.737,3820.2,72.49,3.8,27.041596,66.51,3.8,18.47931,66.34,4.2,37.706932,100.46
cool1,cool_stuff,01-07-2018,26,1606.98,34.04826,61.81,51,1094,3,3893,4.0,177,18,7,0,7,2018,0.299,7642.5,62.86,3.8,28.605481,74.53,4.2,45.990071,63.91,4.1,22.796152,74.69
cool1,cool_stuff,01-08-2018,17,1050.71,34.222506,61.81,51,1094,3,3893,4.0,77,22,5,0,8,2018,0.412,7563.0,68.82,3.7,23.234501,61.18,4.0,30.708789,62.68,4.2,33.052077,61.81
cool2,cool_stuff,01-01-2017,7,808.3,19.448057,115.47,60,372,2,2066,3.8,37,23,5,0,1,2017,0.558,3057.2,100.87,3.8,22.272692,103.41,3.8,19.767354,129.98,3.8,13.093377,119.49
cool2,cool_stuff,01-04-2017,14,1616.61,18.635054,115.47,60,372,2,2066,3.8,77,17,6,0,4,2017,0.716,2748.4,126.91,3.6,22.040089,118.09,3.7,23.795716,98.43,3.8,23.870042,115.47
cool2,cool_stuff,01-05-2017,14,1616.61,17.589198,115.47,60,372,2,2066,3.8,100,18,9,0,5,2017,0.32,3629.3,126.68,4.1,12.662299,148.96,3.9,19.885317,102.88,3.5,20.811213,115.47
cool2,cool_stuff,01-06-2017,10,1154.72,18.770737,115.47,60,372,2,2066,3.8,70,19,6,0,6,2017,0.729,3777.7,107.03,3.8,11.443816,96.04,3.7,24.972839,107.38,3.8,19.641628,115.47
cool2,cool_stuff,01-10-2017,18,2078.5,24.122491,115.47,60,372,2,2066,3.8,104,23,7,0,10,2017,0.72,4302.4,125.75,3.8,27.024923,121.89,3.8,32.943894,129.71,3.9,23.952782,115.47
cool2,cool_stuff,01-03-2018,11,1270.19,24.813304,115.47,60,372,2,2066,3.8,82,15,7,0,3,2018,0.569,2934.1,123.24,3.8,18.728834,93.57,3.5,33.810822,120.72,3.6,25.334284,115.47
cool2,cool_stuff,01-04-2018,11,1270.19,18.64279,115.47,60,372,2,2066,3.8,54,16,4,0,4,2018,0.882,5285.5,133.54,3.6,17.39886,102.56,3.9,20.551159,100.02,4.0,12.378848,115.47
cool2,cool_stuff,01-05-2018,5,577.36,21.460496,115.47,60,372,2,2066,3.8,34,22,3,0,5,2018,0.865,1888.3,124.05,3.5,23.663234,116.7,4.0,19.185004,103.25,3.9,19.681757,115.47
cool2,cool_stuff,01-06-2018,18,2078.5,17.755596,115.47,60,372,2,2066,3.8,104,18,8,0,6,2018,0.38,2999.1,98.64,3.7,17.944762,123.31,3.8,16.336141,114.35,3.8,11.468015,115.47
cool2,cool_stuff,01-08-2018,8,1020.99,22.497216,127.62,60,372,2,2066,3.8,53,19,9,0,8,2018,0.49,2093.1,140.92,3.3,22.067542,131.25,3.6,29.370703,131.06,3.7,30.365063,115.47
cool3,cool_stuff,01-01-2017,11,632.75,24.612307,57.52,49,320,3,2375,4.2,73,22,8,0,1,2017,0.824,4384.9,53.37,4.0,32.00536,47.58,4.0,31.952939,55.61,3.9,19.980888,76.01
cool3,cool_stuff,01-02-2017,20,1150.45,22.492186,57.52,49,320,3,2375,4.2,117,19,6,1,2,2017,0.842,3004.4,63.18,4.1,23.179352,56.64,4.0,17.037304,60.11,4.2,31.326044,57.52
cool3,cool_stuff,01-04-2017,18,1035.41,25.586974,57.52,49,320,3,2375,4.2,112,17,4,0,4,2017,0.818,2186.3,55.03,4.3,33.372137,75.31,4.2,16.965082,63.06,4.0,29.61618,57.52
cool3,cool_stuff,01-05-2017,10,575.23,24.180475,57.52,49,320,3,2375,4.2,69,15,7,0,5,2017,0.95,2015.8,55.53,4.1,20.521548,64.26,4.2,24.844435,49.7,4.4,16.076482,57.52
cool3,cool_stuff,01-06-2017,17,977.89,22.264458,57.52,49,320,3,2375,4.2,119,17,8,0,6,2017,0.444,3645.9,68.92,4.0,30.943661,50.88,4.4,15.208432,63.6,4.3,24.870349,57.52
cool3,cool_stuff,01-07-2017,11,632.75,25.301929,57.52,49,320,3,2375,4.2,54,16,6,0,7,2017,0.363,2011.5,49.6,4.2,23.036997,55.81,4.1,21.614739,64.05,4.4,33.154554,57.52
cool3,cool_stuff,01-08-2017,17,977.89,25.448954,57.52,49,320,3,2375,4.2,109,19,8,0,8,2017,0.904,4210.9,53.44,4.0,23.285705,75.31,4.2,25.234195,51.55,4.2,34.556918,57.52
cool3,cool_stuff,01-09-2017,18,1035.41,27.290843,57.52,49,320,3,2375,4.2,132,16,7,0,9,2017,0.336,5966.1,63.84,4.2,31.080595,67.87,4.1,25.80056,54.93,4.0,33.049,57.52
cool3,cool_stuff,01-12-2017,12,690.27,20.273235,57.52,49,320,3,2375,4.2,75,16,3,1,12,2017,0.856,3623.1,65.14,4.3,25.376006,76.54,4.0,19.447791,57.08,4.4,19.043875,57.52
cool3,cool_stuff,01-02-2018,13,747.79,24.111031,57.52,49,320,3,2375,4.2,96,16,7,0,2,2018,0.541,4703.8,56.86,4.3,20.651155,50.68,4.3,31.398171,49.08,4.2,21.298718,57.52
cool3,cool_stuff,01-03-2018,12,690.27,22.971597,57.52,49,320,3,2375,4.2,87,20,5,0,3,2018,0.406,6137.3,54.88,4.2,26.341752,57.19,4.3,14.930872,51.33,4.0,30.85844,57.52
cool3,cool_stuff,01-05-2018,35,2013.29,24.403763,57.52,49,320,3,2375,4.2,225,20,3,1,5,2018,0.654,3217.6,58.05,3.9,15.748925,70.14,4.2,17.780373,63.21,4.3,27.574677,57.52
cool3,cool_stuff,01-06-2018,86,4946.95,25.314272,57.52,49,320,3,2375,4.2,498,16,4,0,6,2018,0.403,3538.7,54.48,4.3,23.930543,73.53,4.2,25.849295,59.02,3.9,34.266326,57.52
cool4,cool_stuff,01-02-2017,6,1010.64,9.004095,168.44,30,2181,2,187,4.2,48,19,8,0,2,2017,0.627,373.3,144.0,4.3,9.955611,146.7,4.2,10.774761,166.96,4.2,9.812512,173.62
cool4,cool_stuff,01-03-2017,13,2189.72,12.898755,168.44,30,2181,2,187,4.2,72,20,4,0,3,2017,0.252,348.8,162.91,4.3,13.674142,181.51,4.1,8.46752,163.53,4.2,16.769979,168.44
cool4,cool_stuff,01-04-2017,14,2358.16,8.619804,168.44,30,2181,2,187,4.2,83,21,9,0,4,2017,0.584,361.9,148.77,4.4,6.226617,159.83,3.9,11.985923,178.56,4.4,8.419232,168.44
cool4,cool_stuff,01-05-2017,36,4614.26,19.403183,128.17,30,2181,2,187,4.2,160,22,4,0,5,2017,0.788,477.3,151.51,4.0,17.450763,149.77,4.2,15.664065,113.15,4.3,12.376487,168.44
cool4,cool_stuff,01-06-2017,19,2435.31,13.132437,128.17,30,2181,2,187,4.2,121,18,4,0,6,2017,0.757,208.2,110.12,4.3,10.916994,152.44,4.1,14.051565,114.22,4.2,16.349532,128.17
cool4,cool_stuff,01-07-2017,19,2171.35,6.151102,114.28,30,2181,2,187,4.2,130,18,6,0,7,2017,0.669,232.4,108.66,4.2,7.75985,101.17,4.1,5.697689,100.73,4.3,6.654904,128.17
cool4,cool_stuff,01-08-2017,15,1714.23,9.85555,114.28,30,2181,2,187,4.2,100,16,3,0,8,2017,0.417,452.3,117.87,4.1,6.725369,139.93,4.3,11.067369,116.79,4.2,10.204343,114.28
cool4,cool_stuff,01-09-2017,19,2171.35,9.560673,114.28,30,2181,2,187,4.2,110,16,9,0,9,2017,0.68,363.0,125.29,4.1,9.567355,128.65,4.2,7.771526,102.62,4.3,9.774015,114.28
cool4,cool_stuff,01-10-2017,13,1485.66,10.975093,114.28,30,2181,2,187,4.2,88,16,4,0,10,2017,0.443,459.8,120.72,4.2,7.193027,114.15,3.9,12.595525,108.05,4.2,9.503994,114.28
cool4,cool_stuff,01-12-2017,26,2971.32,8.06497,114.28,30,2181,2,187,4.2,155,22,5,1,12,2017,0.389,391.2,117.93,4.4,9.736799,153.49,4.3,7.636259,117.68,4.3,8.747351,114.28
cool4,cool_stuff,01-02-2018,44,3697.5,9.571899,84.03,30,2181,2,187,4.2,257,23,5,0,2,2018,0.8,448.3,72.11,4.1,12.262413,74.08,4.0,9.277206,89.35,4.2,6.966714,114.28
cool4,cool_stuff,01-03-2018,27,2268.92,11.741539,84.03,30,2181,2,187,4.2,140,21,5,0,3,2018,0.409,229.9,96.09,4.3,13.850585,105.88,4.5,16.112897,87.92,4.3,7.604814,84.03
cool4,cool_stuff,01-04-2018,4,336.14,8.895881,84.03,30,2181,2,187,4.2,17,16,4,0,4,2018,0.499,309.7,79.37,4.2,7.266481,79.49,4.1,7.475827,76.41,4.0,8.366068,84.03
cool4,cool_stuff,01-05-2018,19,1596.65,13.066403,84.03,30,2181,2,187,4.2,118,20,5,0,5,2018,0.871,320.6,80.48,4.3,9.582713,88.24,4.1,16.896866,90.89,4.2,12.309898,84.03
cool4,cool_stuff,01-06-2018,30,2521.02,8.658304,84.03,30,2181,2,187,4.2,199,18,8,0,6,2018,0.564,216.8,98.25,4.0,9.97408,68.94,4.3,7.54321,73.82,4.3,5.868017,84.03
cool4,cool_stuff,01-07-2018,104,6937.0,13.512201,66.7,30,2181,2,187,4.2,531,20,7,1,7,2018,0.396,362.8,61.47,4.3,15.463042,69.8,4.2,16.668973,66.72,4.4,18.274125,84.03
cool4,cool_stuff,01-08-2018,31,2067.76,10.946521,66.7,30,2181,2,187,4.2,163,15,4,0,8,2018,0.795,478.5,76.86,4.0,12.435628,73.18,4.3,14.441878,74.54,4.0,15.259128,66.7
cool5,cool_stuff,01-01-2017,19,618.78,13.55658,32.57,33,760,1,403,4.0,135,21,6,0,1,2017,0.802,963.3,27.82,4.1,12.579149,28.88,4.2,13.13274,28.78,3.8,15.441048,39.68
cool5,cool_stuff,01-04-2017,13,423.38,14.82713,32.57,33,760,1,403,4.0,64,20,7,1,4,2017,0.752,559.2,35.92,4.2,10.032132,42.74,4.1,18.259278,32.42,3.9,16.516331,32.57
cool5,cool_stuff,01-05-2017,22,578.67,13.8426,26.3,33,760,1,403,4.0,107,21,4,0,5,2017,0.353,620.5,23.43,3.8,17.484542,34.24,3.9,17.218857,25.84,4.3,13.376101,32.57
cool5,cool_stuff,01-06-2017,11,289.33,13.453947,26.3,33,760,1,403,4.0,76,15,6,0,6,2017,0.41,1007.4,30.97,4.0,15.925347,23.36,3.9,15.753437,23.18,3.9,17.60343,26.3
cool5,cool_stuff,01-07-2017,21,552.36,12.712006,26.3,33,760,1,403,4.0,128,19,8,0,7,2017,0.41,658.0,27.86,4.0,13.23902,22.25,4.2,9.897864,28.43,4.1,7.658591,26.3
cool5,cool_stuff,01-08-2017,35,707.8,13.471535,20.22,33,760,1,403,4.0,196,18,6,0,8,2017,0.942,385.6,19.08,4.1,11.846393,21.87,3.9,13.623598,17.7,4.0,16.669625,26.3
cool5,cool_stuff,01-09-2017,30,606.68,11.097741,20.22,33,760,1,403,4.0,221,22,3,0,9,2017,0.566,356.1,22.76,4.0,13.217763,20.12,3.7,15.190284,17.63,4.0,6.813797,20.22
cool5,cool_stuff,01-10-2017,25,434.86,15.344526,17.39,33,760,1,403,4.0,165,16,5,0,10,2017,0.326,471.0,15.31,4.0,20.809575,21.37,4.1,16.073444,17.58,4.3,13.521341,20.22
cool5,cool_stuff,01-11-2017,45,663.58,10.170235,14.75,33,760,1,403,4.0,204,15,7,0,11,2017,0.277,845.2,13.92,4.1,8.715848,12.77,4.0,7.897338,15.83,4.1,11.534872,17.39
cool5,cool_stuff,01-12-2017,135,1990.73,8.017865,14.75,33,760,1,403,4.0,628,15,4,1,12,2017,0.799,1018.0,15.01,3.6,7.95152,12.41,4.1,7.414322,14.23,4.2,10.580755,14.75
cool5,cool_stuff,01-02-2018,58,855.27,9.352542,14.75,33,760,1,403,4.0,292,23,5,0,2,2018,0.72,471.5,16.41,4.0,8.971254,12.73,3.9,13.027766,16.1,4.0,7.418625,14.75
cool5,cool_stuff,01-07-2018,73,1076.47,11.881324,14.75,33,760,1,403,4.0,543,21,7,0,7,2018,0.525,450.0,16.01,4.0,9.440872,12.95,3.8,13.226235,12.56,4.0,7.6751,14.75
furniture1,furniture_decor,01-02-2017,12,455.91,64.456222,37.99,60,415,3,9750,4.3,66,20,7,0,2,2017,0.898,16211.2,39.56,4.4,79.76,38.9,4.4,68.178357,39.65,4.4,67.810072,37.57
furniture1,furniture_decor,01-03-2017,26,987.81,65.04654,37.99,60,415,3,9750,4.3,183,19,6,0,3,2017,0.616,9368.1,33.43,4.4,76.882451,49.23,4.3,79.76,42.91,4.4,47.530152,37.99
furniture1,furniture_decor,01-04-2017,15,569.89,65.313694,37.99,60,415,3,9750,4.3,97,16,6,0,4,2017,0.8,17568.0,35.6,4.4,79.76,34.86,4.4,43.052615,37.43,4.5,61.585772,37.99
furniture1,furniture_decor,01-05-2017,7,265.95,62.148419,37.99,60,415,3,9750,4.3,47,17,7,0,5,2017,0.464,10668.8,45.44,4.3,75.350516,42.56,4.0,73.643422,38.22,4.1,70.757373,37.99
furniture1,furniture_decor,01-08-2017,8,303.94,65.052278,37.99,60,415,3,9750,4.3,56,18,4,0,8,2017,0.747,18121.3,36.17,4.5,41.583795,34.75,4.5,40.852206,38.51,4.5,68.517304,37.99
furniture1,furniture_decor,01-09-2017,11,363.97,63.880559,33.09,60,415,3,9750,4.3,56,15,4,0,9,2017,0.809,24290.4,30.73,4.4,79.76,44.16,4.3,79.76,30.5,4.4,48.052657,37.99
furniture1,furniture_decor,01-10-2017,13,430.15,70.843764,33.09,60,415,3,9750,4.3,69,14,7,0,10,2017,0.535,9932.8,36.46,4.4,52.57047,27.16,4.5,79.76,35.2,4.1,74.102971,33.09
furniture1,furniture_decor,01-01-2018,7,231.62,63.79313,33.09,60,415,3,9750,4.3,45,18,9,0,1,2018,0.431,23426.8,28.13,4.3,45.043632,34.12,4.3,73.40168,33.08,4.3,79.76,33.09
furniture1,furniture_decor,01-02-2018,15,394.45,69.617427,26.3,60,415,3,9750,4.3,99,19,8,0,2,2018,0.334,15296.1,29.66,4.3,46.940894,23.29,4.5,69.774754,26.8,4.4,79.76,33.09
furniture1,furniture_decor,01-04-2018,47,1235.93,67.226335,26.3,60,415,3,9750,4.3,290,15,8,0,4,2018,0.286,11000.5,28.43,4.5,45.502705,31.53,4.3,78.022258,23.99,4.3,69.081433,26.3
furniture1,furniture_decor,01-06-2018,10,262.96,64.979287,26.3,60,415,3,9750,4.3,71,19,4,0,6,2018,0.434,10503.1,22.85,4.3,39.306896,24.49,4.4,39.242786,28.58,4.0,73.56048,26.3
furniture1,furniture_decor,01-07-2018,9,236.67,58.01794,26.3,60,415,3,9750,4.3,43,18,5,0,7,2018,0.938,23310.7,30.96,4.3,69.648899,24.27,4.3,79.707464,25.44,4.3,58.711705,26.3
furniture1,furniture_decor,01-08-2018,8,210.37,61.960268,26.3,60,415,3,9750,4.3,59,20,6,0,8,2018,0.509,24549.2,26.5,4.4,40.309756,31.44,4.3,74.860857,24.08,4.5,44.911999,26.3
furniture2,furniture_decor,01-01-2017,22,2482.55,9.841185,112.84,35,326,1,541,4.1,124,17,7,0,1,2017,0.77,544.2,105.37,4.1,9.143564,146.05,3.9,10.563658,120.53,4.2,8.433091,113.82
furniture2,furniture_decor,01-05-2017,11,1389.38,12.9845,126.31,35,326,1,541,4.1,65,19,6,0,5,2017,0.553,1312.6,133.46,4.1,12.098723,170.33,3.9,11.101469,120.04,4.2,16.262472,112.84
furniture2,furniture_decor,01-08-2017,5,631.54,12.047266,126.31,35,326,1,541,4.1,20,20,5,0,8,2017,0.67,930.2,122.03,4.2,15.042266,112.99,4.0,8.199045,109.07,3.8,12.030302,126.31
furniture2,furniture_decor,01-11-2017,18,2273.53,13.877586,126.31,35,326,1,541,4.1,121,23,7,0,11,2017,0.342,1305.1,116.29,4.0,11.999237,153.61,3.9,8.790956,112.26,4.2,14.001516,126.31
furniture2,furniture_decor,01-12-2017,16,2020.92,16.215856,126.31,35,326,1,541,4.1,98,21,6,1,12,2017,0.885,1197.8,116.45,4.0,18.64935,114.02,4.0,11.681165,110.64,3.9,19.475434,126.31
furniture2,furniture_decor,01-01-2018,9,1136.77,14.317776,126.31,35,326,1,541,4.1,44,21,5,0,1,2018,0.722,482.1,128.55,4.2,12.299076,143.25,3.8,13.077771,119.58,4.1,17.166496,126.31
furniture2,furniture_decor,01-02-2018,16,2020.92,14.062553,126.31,35,326,1,541,4.1,96,15,6,0,2,2018,0.923,708.1,145.91,4.1,16.512764,137.63,4.0,16.471442,118.07,3.9,10.091913,126.31
furniture2,furniture_decor,01-04-2018,11,1389.38,11.560017,126.31,35,326,1,541,4.1,59,16,4,0,4,2018,0.295,501.9,141.96,4.2,14.500458,130.62,4.2,12.715834,116.31,4.0,13.958339,126.31
furniture2,furniture_decor,01-05-2018,17,2147.23,6.832603,126.31,35,326,1,541,4.1,120,14,5,0,5,2018,0.864,548.3,108.53,4.1,7.9699,101.97,4.0,7.694194,123.14,4.1,5.896378,126.31
furniture2,furniture_decor,01-06-2018,7,884.15,14.399107,126.31,35,326,1,541,4.1,51,22,8,0,6,2018,0.606,957.6,121.19,4.0,13.732055,127.96,3.9,9.055816,120.02,3.9,10.083856,126.31
furniture2,furniture_decor,01-07-2018,3,378.92,16.382755,126.31,35,326,1,541,4.1,19,18,8,0,7,2018,0.389,853.6,107.48,4.2,11.11176,159.69,3.8,14.378874,114.14,4.3,13.422209,126.31
furniture2,furniture_decor,01-08-2018,10,1442.75,10.515379,144.27,35,326,1,541,4.1,72,15,4,1,8,2018,0.764,926.8,166.82,4.1,9.793577,144.2,4.0,12.320102,163.45,4.2,13.706562,126.31
furniture3,furniture_decor,01-02-2017,10,1004.99,17.470262,100.5,47,100,2,1844,4.5,68,23,8,0,2,2017,0.331,3300.7,93.07,4.2,19.084774,120.45,4.5,12.523488,105.75,4.5,16.583905,101.19
furniture3,furniture_decor,01-03-2017,9,904.49,14.633435,100.5,47,100,2,1844,4.5,55,20,8,0,3,2017,0.594,2995.8,98.48,4.3,14.043976,110.93,4.5,9.102997,95.04,4.5,12.009675,100.5
furniture3,furniture_decor,01-04-2017,20,2009.99,23.098147,100.5,47,100,2,1844,4.5,110,19,4,0,4,2017,0.627,3607.9,94.73,4.5,29.979513,101.67,4.3,29.435094,112.47,4.5,23.447604,100.5
furniture3,furniture_decor,01-05-2017,10,1004.99,20.22146,100.5,47,100,2,1844,4.5,63,16,9,0,5,2017,0.378,4331.7,114.45,4.5,14.148889,95.75,4.4,15.065775,86.1,4.5,23.506185,100.5
furniture3,furniture_decor,01-06-2017,12,1205.99,19.962514,100.5,47,100,2,1844,4.5,57,18,5,0,6,2017,0.909,2736.3,92.3,4.5,22.283843,125.76,4.3,13.569597,105.06,4.5,27.190056,100.5
furniture3,furniture_decor,01-09-2017,9,904.49,22.483597,100.5,47,100,2,1844,4.5,39,19,5,0,9,2017,0.79,3606.5,91.76,4.3,18.927636,93.83,4.4,17.371379,92.14,4.4,27.728623,100.5
furniture3,furniture_decor,01-10-2017,5,444.2,16.238404,88.84,47,100,2,1844,4.5,20,15,8,0,10,2017,0.863,1532.9,90.35,4.5,19.593563,109.91,4.3,19.417468,78.06,4.5,21.791676,100.5
furniture3,furniture_decor,01-12-2017,11,977.25,22.414143,88.84,47,100,2,1844,4.5,62,16,4,1,12,2017,0.289,3115.6,92.89,4.4,25.826555,81.08,4.5,21.031077,92.06,4.5,16.633878,88.84
furniture3,furniture_decor,01-02-2018,12,1066.09,22.202802,88.84,47,100,2,1844,4.5,74,21,9,0,2,2018,0.539,2997.8,97.39,4.4,22.315181,117.34,4.5,16.155487,101.9,4.5,14.557649,88.84
furniture3,furniture_decor,01-04-2018,10,888.41,21.155146,88.84,47,100,2,1844,4.5,76,21,9,0,4,2018,0.362,2876.8,80.5,4.4,20.499194,112.99,4.5,13.141684,84.72,4.4,27.411153,88.84
furniture3,furniture_decor,01-06-2018,19,1462.59,18.810872,76.98,47,100,2,1844,4.5,92,23,6,0,6,2018,0.467,3119.8,66.01,4.5,21.124009,91.93,4.5,17.241173,86.62,4.3,25.158807,88.84
furniture3,furniture_decor,01-07-2018,10,769.79,12.39116,76.98,47,100,2,1844,4.5,75,20,4,0,7,2018,0.943,4208.1,90.49,4.4,10.020086,94.23,4.5,7.988992,87.69,4.5,12.4942,76.98
furniture3,furniture_decor,01-08-2018,5,384.89,21.160191,76.98,47,100,2,1844,4.5,21,23,9,0,8,2018,0.678,2133.9,68.99,4.2,24.728666,91.59,4.5,27.710606,78.54,4.3,18.641794,76.98
furniture4,furniture_decor,01-02-2017,5,605.57,22.283243,121.11,52,430,1,2075,4.2,30,16,5,0,2,2017,0.332,4141.7,138.33,4.3,25.169227,118.81,4.2,16.167948,105.83,4.2,25.427606,123.09
furniture4,furniture_decor,01-03-2017,8,968.91,22.619449,121.11,52,430,1,2075,4.2,40,18,7,0,3,2017,0.597,4830.9,139.54,4.1,15.708262,147.23,4.3,21.182501,133.92,4.1,13.899612,121.11
furniture4,furniture_decor,01-04-2017,28,2746.37,21.785538,98.08,52,430,1,2075,4.2,130,19,5,0,4,2017,0.764,1721.0,111.28,4.1,28.927913,123.23,4.1,22.863017,110.43,4.1,26.539886,121.11
furniture4,furniture_decor,01-07-2017,10,980.85,21.991315,98.08,52,430,1,2075,4.2,47,15,9,0,7,2017,0.742,1942.1,87.49,3.9,14.887002,103.98,3.8,29.354605,89.41,4.1,24.948434,98.08
furniture4,furniture_decor,01-08-2017,15,1471.27,20.803682,98.08,52,430,1,2075,4.2,81,23,6,0,8,2017,0.401,4625.7,96.45,4.3,17.555571,113.34,4.0,23.587053,104.01,4.1,20.997502,98.08
furniture4,furniture_decor,01-09-2017,39,3825.3,23.944876,98.08,52,430,1,2075,4.2,233,23,9,0,9,2017,0.543,2533.7,111.29,3.9,19.510678,97.79,4.1,17.638774,86.66,4.1,16.155664,98.08
furniture4,furniture_decor,01-10-2017,8,784.68,18.499035,98.08,52,430,1,2075,4.2,44,16,3,0,10,2017,0.545,3730.8,112.2,4.3,13.430683,123.28,4.2,16.115633,100.63,4.3,25.444685,98.08
furniture4,furniture_decor,01-11-2017,25,2452.11,21.776568,98.08,52,430,1,2075,4.2,182,14,6,1,11,2017,0.894,2513.8,87.47,4.1,16.70893,118.66,4.1,27.756322,95.95,4.1,19.903355,98.08
furniture4,furniture_decor,01-12-2017,5,490.42,19.327847,98.08,52,430,1,2075,4.2,40,18,6,0,12,2017,0.548,2210.8,100.04,4.1,19.450989,129.0,4.0,17.700855,110.89,4.2,17.734376,98.08
furniture4,furniture_decor,01-01-2018,51,5002.31,21.146211,98.08,52,430,1,2075,4.2,276,20,8,0,1,2018,0.481,3492.2,95.45,4.0,16.211246,80.44,3.9,23.606974,89.96,4.3,21.177442,98.08
furniture4,furniture_decor,01-02-2018,15,1471.27,25.344475,98.08,52,430,1,2075,4.2,91,22,5,0,2,2018,0.325,2947.5,106.96,4.0,17.615863,124.17,4.3,15.327704,109.32,4.3,29.063117,98.08
furniture4,furniture_decor,01-04-2018,21,2059.78,20.247619,98.08,52,430,1,2075,4.2,123,21,4,0,4,2018,0.398,3104.4,113.47,4.2,21.281018,116.93,4.0,19.384005,112.55,4.0,14.389397,98.08
furniture4,furniture_decor,01-05-2018,21,2059.78,21.566933,98.08,52,430,1,2075,4.2,99,15,4,0,5,2018,0.487,4909.4,86.16,4.3,17.838504,118.8,4.4,25.205504,101.81,4.3,23.783768,98.08
furniture4,furniture_decor,01-07-2018,14,1373.18,24.185556,98.08,52,430,1,2075,4.2,88,21,7,0,7,2018,0.496,3051.2,94.72,4.1,22.678228,95.06,4.3,17.499485,112.03,4.1,27.144898,98.08
furniture4,furniture_decor,01-08-2018,11,1078.93,26.690755,98.08,52,430,1,2075,4.2,75,19,5,0,8,2018,0.488,2794.9,87.23,4.4,33.729058,131.87,4.3,36.101998,111.3,4.1,20.062188,98.08
garden1,garden_tools,01-01-2017,6,567.24,12.435724,94.54,40,101,2,288,4.0,27,14,5,0,1,2017,0.625,691.8,103.82,4.2,16.123637,118.27,4.2,9.819913,95.5,4.1,10.171487,91.94
garden1,garden_tools,01-02-2017,11,1039.93,11.393346,94.54,40,101,2,288,4.0,70,14,5,0,2,2017,0.627,280.5,88.15,4.1,12.539406,112.73,3.9,10.546213,98.09,4.0,10.082977,94.54
garden1,garden_tools,01-04-2017,9,850.85,12.352439,94.54,40,101,2,288,4.0,52,19,8,0,4,2017,0.378,706.0,105.23,4.0,17.023737,96.21,4.0,15.280063,89.06,4.1,10.141669,94.54
garden1,garden_tools,01-05-2017,2,189.08,9.181851,94.54,40,101,2,288,4.0,4,20,7,0,5,2017,0.284,232.0,90.5,4.0,11.193167,124.86,3.9,12.358625,89.46,3.8,11.401431,94.54
garden1,garden_tools,01-06-2017,13,1229.01,13.137158,94.54,40,101,2,288,4.0,91,20,4,0,6,2017,0.443,511.2,93.06,3.8,10.331471,113.92,3.7,16.709004,96.76,4.2,10.7558,94.54
garden1,garden_tools,01-07-2017,5,472.7,13.101122,94.54,40,101,2,288,4.0,23,22,3,0,7,2017,0.498,707.3,91.71,3.9,11.309434,105.37,4.2,12.426423,97.03,4.0,15.326855,94.54
garden1,garden_tools,01-08-2017,6,567.24,11.011433,94.54,40,101,2,288,4.0,27,20,5,0,8,2017,0.657,380.0,96.27,4.0,13.831197,97.48,3.9,9.977853,92.26,4.2,11.474982,94.54
garden1,garden_tools,01-10-2017,14,1000.02,13.518713,71.43,40,101,2,288,4.0,90,23,8,0,10,2017,0.403,678.0,62.82,4.3,16.481594,91.84,4.0,15.488664,82.06,4.1,15.376286,94.54
garden1,garden_tools,01-11-2017,13,928.59,13.657945,71.43,40,101,2,288,4.0,75,15,8,0,11,2017,0.948,703.1,79.15,4.0,18.385263,83.73,4.2,13.57785,69.19,4.1,13.787896,71.43
garden1,garden_tools,01-02-2018,69,3813.58,9.025518,55.27,40,101,2,288,4.0,515,21,3,0,2,2018,0.342,526.7,49.19,4.1,6.045602,70.09,4.2,11.267282,61.17,4.0,7.321351,71.43
garden1,garden_tools,01-05-2018,23,1271.19,14.308723,55.27,40,101,2,288,4.0,160,22,5,0,5,2018,0.733,252.2,47.22,4.3,14.081658,57.64,3.9,15.831102,51.0,3.8,19.478471,55.27
garden1,garden_tools,01-06-2018,12,663.23,17.674253,55.27,40,101,2,288,4.0,75,17,5,0,6,2018,0.295,581.7,51.86,4.2,21.224519,46.06,3.8,11.901404,58.52,4.0,16.007075,55.27
garden1,garden_tools,01-07-2018,18,994.85,13.150002,55.27,40,101,2,288,4.0,101,20,7,0,7,2018,0.526,423.3,63.77,3.8,13.303892,54.8,3.7,9.620151,47.04,4.1,11.407822,55.27
garden1,garden_tools,01-08-2018,8,442.15,15.419519,55.27,40,101,2,288,4.0,60,22,9,0,8,2018,0.605,427.7,51.0,4.1,21.073327,57.12,4.0,13.550752,62.32,3.9,14.569267,55.27
garden10,garden_tools,01-02-2017,8,710.28,22.390757,88.78,47,1061,1,2706,3.7,43,14,4,0,2,2017,0.936,5453.1,103.91,3.6,25.161244,114.94,4.0,20.982463,100.04,3.6,16.67579,85.77
garden10,garden_tools,01-04-2017,12,1065.42,28.17236,88.78,47,1061,1,2706,3.7,56,18,6,0,4,2017,0.785,6150.2,76.26,3.5,35.789917,87.93,3.6,31.985622,78.97,3.6,24.809267,88.78
garden10,garden_tools,01-05-2017,9,677.18,22.487912,75.24,47,1061,1,2706,3.7,65,21,6,0,5,2017,0.833,6398.0,72.45,3.9,13.760666,91.27,4.0,21.557176,84.35,3.9,19.843114,88.78
garden10,garden_tools,01-07-2017,12,902.91,23.212944,75.24,47,1061,1,2706,3.7,57,19,3,0,7,2017,0.539,4202.7,87.08,3.5,23.324756,75.13,3.6,17.00632,73.05,3.9,26.79654,75.24
garden10,garden_tools,01-09-2017,11,827.66,25.494256,75.24,47,1061,1,2706,3.7,69,16,7,0,9,2017,0.661,5845.2,74.3,3.7,18.090618,72.79,3.6,30.684951,78.21,3.9,28.088285,75.24
garden10,garden_tools,01-11-2017,8,601.94,23.161098,75.24,47,1061,1,2706,3.7,51,17,6,1,11,2017,0.493,3738.8,89.17,3.6,21.576892,97.0,3.9,26.719245,70.2,3.7,20.820662,75.24
garden10,garden_tools,01-12-2017,11,827.66,25.048208,75.24,47,1061,1,2706,3.7,63,17,5,0,12,2017,0.292,5670.8,69.61,3.4,18.279557,88.7,3.7,25.191252,66.82,3.7,23.598512,75.24
garden10,garden_tools,01-02-2018,22,1655.33,24.755921,75.24,47,1061,1,2706,3.7,140,19,6,0,2,2018,0.257,6726.3,88.18,3.6,28.851254,100.59,3.7,21.955315,85.11,3.5,31.060554,75.24
garden10,garden_tools,01-05-2018,24,1805.81,24.84263,75.24,47,1061,1,2706,3.7,137,22,9,0,5,2018,0.56,4002.5,64.89,3.5,29.77084,69.85,3.8,30.53824,78.51,3.8,20.529146,75.24
garden10,garden_tools,01-06-2018,12,902.91,22.824879,75.24,47,1061,1,2706,3.7,53,21,4,0,6,2018,0.439,4878.0,87.62,3.9,15.125752,74.27,4.1,31.716804,77.13,3.8,23.929194,75.24
garden10,garden_tools,01-07-2018,10,844.63,26.945731,84.46,47,1061,1,2706,3.7,65,20,4,0,7,2018,0.484,5982.8,84.74,3.7,34.28777,73.19,3.9,17.164796,87.55,3.9,17.984163,75.24
garden2,garden_tools,01-02-2017,27,2134.45,14.477268,79.05,39,691,1,817,3.9,153,18,3,0,2,2017,0.71,1524.8,94.33,3.9,10.60543,74.51,3.9,19.497949,68.97,4.0,15.001413,78.26
garden2,garden_tools,01-03-2017,27,2134.45,12.908771,79.05,39,691,1,817,3.9,183,22,7,0,3,2017,0.713,1746.7,73.21,3.8,17.468551,65.18,3.9,8.203015,87.4,3.9,16.502155,79.05
garden2,garden_tools,01-04-2017,9,711.48,10.546658,79.05,39,691,1,817,3.9,65,16,9,0,4,2017,0.578,1667.7,84.52,3.8,12.279518,94.6,4.0,10.232111,67.99,4.0,14.680563,79.05
garden2,garden_tools,01-05-2017,9,711.48,12.155559,79.05,39,691,1,817,3.9,50,21,7,0,5,2017,0.606,2108.0,68.56,3.8,10.834797,85.73,4.0,12.14196,78.82,3.7,10.348111,79.05
garden2,garden_tools,01-06-2017,10,790.54,15.189799,79.05,39,691,1,817,3.9,72,23,6,0,6,2017,0.467,931.4,85.12,3.8,18.129949,64.8,3.7,15.536354,82.55,3.7,17.398217,79.05
garden2,garden_tools,01-07-2017,5,437.05,16.800861,87.41,39,691,1,817,3.9,19,19,7,1,7,2017,0.398,1534.2,99.44,4.0,19.071342,90.99,4.0,11.332632,90.64,3.6,17.531901,79.05
garden2,garden_tools,01-08-2017,8,699.28,13.086575,87.41,39,691,1,817,3.9,42,19,7,0,8,2017,0.331,1087.9,100.53,3.8,14.590747,112.5,3.6,16.900584,84.76,3.8,11.727817,87.41
garden2,garden_tools,01-09-2017,12,1048.92,16.689954,87.41,39,691,1,817,3.9,66,20,5,0,9,2017,0.273,1097.5,87.54,4.1,10.052436,103.32,3.7,17.049567,79.93,4.1,21.266766,87.41
garden2,garden_tools,01-10-2017,5,437.05,17.760717,87.41,39,691,1,817,3.9,37,20,6,0,10,2017,0.556,1089.5,90.39,3.9,22.842982,115.78,3.9,22.01238,84.74,3.7,17.286695,87.41
garden2,garden_tools,01-11-2017,18,1573.39,15.723704,87.41,39,691,1,817,3.9,129,21,8,1,11,2017,0.687,1175.2,76.27,3.7,12.098802,79.9,3.7,18.909395,82.75,3.9,20.584949,87.41
garden2,garden_tools,01-12-2017,8,641.2,14.799371,80.15,39,691,1,817,3.9,44,16,4,1,12,2017,0.481,797.1,86.99,4.0,15.880223,76.66,4.1,15.352564,86.12,3.8,10.89553,87.41
garden2,garden_tools,01-02-2018,11,881.65,15.640262,80.15,39,691,1,817,3.9,57,21,8,0,2,2018,0.423,1514.4,88.95,3.8,18.821117,103.46,4.1,16.485369,68.33,4.1,13.003717,80.15
garden2,garden_tools,01-03-2018,7,561.05,14.677678,80.15,39,691,1,817,3.9,38,17,7,0,3,2018,0.52,1930.9,88.88,3.8,11.59249,88.21,3.8,16.194545,86.58,3.7,15.784898,80.15
garden2,garden_tools,01-05-2018,17,1362.55,17.35829,80.15,39,691,1,817,3.9,102,19,9,0,5,2018,0.29,2026.8,79.45,3.7,18.117403,97.13,3.8,13.613822,85.15,3.8,19.417793,80.15
garden2,garden_tools,01-06-2018,7,502.86,12.407965,71.84,39,691,1,817,3.9,47,20,5,0,6,2018,0.821,1885.8,76.35,4.0,11.604638,62.85,3.4,13.26609,75.67,3.7,16.331564,80.15
garden2,garden_tools,01-07-2018,23,1331.38,15.073441,57.89,39,691,1,817,3.9,106,20,5,0,7,2018,0.425,1192.6,56.49,3.6,12.812954,46.94,3.9,14.82452,63.47,3.8,14.060005,71.84
garden3,garden_tools,01-01-2017,6,473.64,13.740164,78.94,46,452,2,642,4.1,34,15,5,0,1,2017,0.579,1521.5,93.14,4.0,10.874982,64.34,4.0,11.63801,76.69,4.2,15.253889,78.04
garden3,garden_tools,01-02-2017,9,710.46,13.880638,78.94,46,452,2,642,4.1,46,23,4,0,2,2017,0.341,1179.9,84.36,4.2,9.583351,66.02,4.0,14.876142,68.69,3.9,12.227963,78.94
garden3,garden_tools,01-06-2017,5,394.7,16.13004,78.94,46,452,2,642,4.1,42,19,6,0,6,2017,0.82,1609.7,72.61,3.7,16.218659,96.35,3.9,17.191655,69.79,4.1,14.843073,78.94
garden3,garden_tools,01-07-2017,6,473.64,17.540999,78.94,46,452,2,642,4.1,36,17,5,0,7,2017,0.5,1419.3,68.91,4.5,18.728721,81.45,4.0,19.307558,82.5,4.2,16.06556,78.94
garden3,garden_tools,01-08-2017,3,236.82,15.294066,78.94,46,452,2,642,4.1,11,14,8,0,8,2017,0.311,1150.7,78.56,4.2,10.367002,67.18,4.5,16.406289,86.06,3.8,19.308165,78.94
garden3,garden_tools,01-09-2017,7,552.58,12.54866,78.94,46,452,2,642,4.1,46,19,4,0,9,2017,0.848,1298.5,69.77,4.2,8.567051,100.99,4.2,14.107971,82.86,3.9,10.310283,78.94
garden3,garden_tools,01-10-2017,10,789.4,11.573112,78.94,46,452,2,642,4.1,66,22,4,1,10,2017,0.335,1314.7,87.0,4.1,13.012043,68.17,4.3,7.592851,82.86,4.0,11.831729,78.94
garden3,garden_tools,01-11-2017,10,789.4,10.396767,78.94,46,452,2,642,4.1,66,22,6,1,11,2017,0.272,730.4,94.37,4.1,7.92792,90.18,4.0,12.676924,83.78,4.1,12.493898,78.94
garden3,garden_tools,01-12-2017,12,947.28,14.21918,78.94,46,452,2,642,4.1,76,23,8,0,12,2017,0.774,1390.7,85.58,4.2,9.798187,64.41,4.1,12.547788,84.17,4.3,15.229326,78.94
garden3,garden_tools,01-01-2018,12,702.31,14.956364,58.53,46,452,2,642,4.1,72,17,8,0,1,2018,0.52,779.4,66.49,4.0,14.513118,51.1,3.6,9.347271,53.95,4.2,13.966198,78.94
garden3,garden_tools,01-04-2018,19,1111.99,10.958536,58.53,46,452,2,642,4.1,82,16,9,0,4,2018,0.369,801.2,61.22,4.2,11.630962,72.7,4.3,12.479605,59.31,4.0,10.955635,58.53
garden3,garden_tools,01-05-2018,24,1404.61,12.765733,58.53,46,452,2,642,4.1,123,15,4,0,5,2018,0.322,1536.1,60.65,4.3,17.630468,64.28,4.2,10.118116,57.99,3.8,11.462165,58.53
garden3,garden_tools,01-06-2018,16,936.41,14.735925,58.53,46,452,2,642,4.1,126,20,7,0,6,2018,0.646,685.8,69.14,4.3,12.324903,49.27,4.3,17.112397,50.29,4.2,10.129179,58.53
garden4,garden_tools,01-02-2017,16,605.61,30.693722,37.85,39,328,3,4180,4.3,95,18,7,0,2,2017,0.739,4838.1,34.52,4.5,25.137203,31.15,4.1,27.157805,38.42,4.4,37.069758,39.31
garden4,garden_tools,01-04-2017,10,378.51,38.753357,37.85,39,328,3,4180,4.3,60,23,8,0,4,2017,0.34,4672.8,42.24,4.2,49.345703,37.74,4.2,43.539664,39.18,4.2,24.130619,37.85
garden4,garden_tools,01-07-2017,10,334.45,31.133844,33.44,39,328,3,4180,4.3,43,14,8,0,7,2017,0.357,6686.0,38.45,4.1,23.423676,38.05,4.3,33.258747,36.48,4.3,27.115082,37.85
garden4,garden_tools,01-08-2017,13,434.78,30.667792,33.44,39,328,3,4180,4.3,77,22,3,0,8,2017,0.813,10086.3,35.52,4.3,38.592242,34.35,4.5,32.292463,29.08,4.5,31.437402,33.44
garden4,garden_tools,01-09-2017,3,100.33,32.294402,33.44,39,328,3,4180,4.3,12,18,7,0,9,2017,0.741,8659.1,32.09,4.3,27.541032,31.8,4.1,30.571039,33.57,4.1,20.993787,33.44
garden4,garden_tools,01-11-2017,26,869.57,34.481405,33.44,39,328,3,4180,4.3,187,17,4,1,11,2017,0.558,8265.9,38.22,4.4,27.676805,42.99,4.3,23.822102,29.77,4.3,37.849454,33.44
garden4,garden_tools,01-12-2017,19,635.45,36.777123,33.44,39,328,3,4180,4.3,113,21,4,1,12,2017,0.291,5421.0,33.31,4.2,50.766395,30.64,4.2,32.742227,38.23,4.2,51.229704,33.44
garden4,garden_tools,01-01-2018,11,316.08,32.998447,28.73,39,328,3,4180,4.3,71,14,7,0,1,2018,0.708,9855.8,34.32,4.2,44.742925,29.37,4.2,27.547713,25.3,4.2,23.594222,33.44
garden4,garden_tools,01-03-2018,24,689.62,37.629223,28.73,39,328,3,4180,4.3,175,21,9,0,3,2018,0.455,3446.2,31.37,4.4,25.01278,37.11,4.2,39.137158,24.66,4.1,28.867689,28.73
garden4,garden_tools,01-04-2018,18,517.22,36.602568,28.73,39,328,3,4180,4.3,114,18,4,0,4,2018,0.766,8025.7,30.95,4.0,32.304134,25.45,4.4,27.049194,33.02,4.4,40.694362,28.73
garden4,garden_tools,01-06-2018,10,287.34,32.670242,28.73,39,328,3,4180,4.3,71,17,9,0,6,2018,0.786,4191.6,27.9,4.3,38.550771,26.1,4.1,29.622129,26.01,4.3,25.89646,28.73
garden4,garden_tools,01-07-2018,10,287.34,31.779314,28.73,39,328,3,4180,4.3,57,23,6,0,7,2018,0.794,5271.8,28.65,4.0,39.89496,38.24,4.5,23.434933,29.16,4.4,30.218587,28.73
garden4,garden_tools,01-08-2018,14,444.46,25.703502,31.75,39,328,3,4180,4.3,71,16,3,0,8,2018,0.74,9687.5,34.25,4.2,23.30243,33.11,4.3,27.559912,31.9,4.2,35.900826,28.73
garden5,garden_tools,01-03-2017,26,2196.47,18.870696,84.48,38,1142,2,1449,3.7,113,20,7,1,3,2017,0.687,2055.1,75.33,3.3,25.937929,107.07,3.8,15.739903,88.18,3.4,14.488252,83.5
garden5,garden_tools,01-04-2017,14,1182.72,22.579935,84.48,38,1142,2,1449,3.7,70,16,5,0,4,2017,0.756,2513.2,82.16,3.4,31.004509,92.46,3.7,20.696665,88.54,3.9,31.529116,84.48
garden5,garden_tools,01-05-2017,9,760.32,19.949444,84.48,38,1142,2,1449,3.7,45,22,9,0,5,2017,0.71,3265.5,83.51,3.8,15.230939,71.65,3.5,23.315808,92.42,3.7,13.623609,84.48
garden5,garden_tools,01-08-2017,31,2618.87,15.846911,84.48,38,1142,2,1449,3.7,161,14,3,0,8,2017,0.732,1414.1,89.33,3.5,10.555677,106.67,3.6,16.835571,85.73,3.7,20.702551,84.48
garden5,garden_tools,01-09-2017,14,1182.72,19.893534,84.48,38,1142,2,1449,3.7,102,17,5,0,9,2017,0.451,2530.9,88.56,4.0,22.267123,88.78,3.9,12.229023,87.05,3.5,25.744181,84.48
garden5,garden_tools,01-12-2017,15,1267.2,13.511885,84.48,38,1142,2,1449,3.7,106,21,9,1,12,2017,0.915,2734.3,83.68,3.6,15.1184,82.63,3.3,16.945273,75.13,3.4,16.085718,84.48
garden5,garden_tools,01-02-2018,10,844.8,19.182971,84.48,38,1142,2,1449,3.7,45,18,9,0,2,2018,0.726,3378.8,90.59,3.9,14.137126,81.89,3.3,14.969319,89.39,3.7,12.953178,84.48
garden5,garden_tools,01-03-2018,17,1436.16,20.541952,84.48,38,1142,2,1449,3.7,116,18,3,0,3,2018,0.606,1171.3,80.99,3.7,18.622733,68.04,3.5,16.697937,72.23,3.5,22.4823,84.48
garden5,garden_tools,01-04-2018,15,1267.2,18.715803,84.48,38,1142,2,1449,3.7,96,19,6,0,4,2018,0.566,2250.6,79.91,3.7,14.318671,70.97,3.7,24.118954,94.43,3.6,25.508544,84.48
garden5,garden_tools,01-06-2018,6,526.66,15.453682,87.78,38,1142,2,1449,3.7,33,22,7,0,6,2018,0.331,1423.0,74.82,3.8,20.073378,112.96,3.9,20.396989,99.28,3.5,17.321258,84.48
garden5,garden_tools,01-07-2018,19,1667.75,14.414106,87.78,38,1142,2,1449,3.7,104,15,8,0,7,2018,0.389,3328.5,82.12,3.7,12.42754,102.46,3.8,12.69741,91.86,3.7,19.800979,87.78
garden5,garden_tools,01-08-2018,15,1316.64,17.80173,87.78,38,1142,2,1449,3.7,80,17,5,0,8,2018,0.831,1443.2,82.35,3.5,22.985577,83.58,3.5,14.971859,98.5,3.9,15.50908,87.78
garden6,garden_tools,01-03-2017,26,2345.13,33.852142,90.2,40,278,1,3960,4.0,137,22,7,0,3,2017,0.635,6914.7,84.01,4.0,31.969562,111.99,4.1,33.993456,80.9,3.9,40.582636,90.4
garden6,garden_tools,01-04-2017,34,3066.71,26.251202,90.2,40,278,1,3960,4.0,229,18,4,0,4,2017,0.335,5697.0,86.28,3.9,28.771057,117.82,4.1,19.834354,98.8,4.2,29.536352,90.2
garden6,garden_tools,01-05-2017,8,721.58,27.562349,90.2,40,278,1,3960,4.0,54,15,4,0,5,2017,0.386,3432.7,88.6,4.1,35.049022,98.26,3.9,17.782249,89.2,3.9,35.978359,90.2
garden6,garden_tools,01-06-2017,22,1984.34,29.952116,90.2,40,278,1,3960,4.0,116,17,6,0,6,2017,0.699,4764.8,90.41,4.1,20.77316,77.94,4.1,35.532671,85.75,4.2,22.738404,90.2
garden6,garden_tools,01-07-2017,12,1082.37,28.290085,90.2,40,278,1,3960,4.0,64,21,6,0,7,2017,0.579,7500.2,102.84,4.1,39.193124,79.97,4.1,37.797698,83.58,4.2,20.56038,90.2
garden6,garden_tools,01-09-2017,10,901.97,33.216203,90.2,40,278,1,3960,4.0,48,14,7,0,9,2017,0.624,9285.6,107.24,4.0,34.469292,119.07,4.2,20.685004,94.62,4.1,43.604543,90.2
garden6,garden_tools,01-11-2017,8,721.58,33.970098,90.2,40,278,1,3960,4.0,44,23,5,1,11,2017,0.758,9229.0,99.15,4.1,37.293285,106.58,4.1,38.302093,92.85,4.1,45.34015,90.2
garden6,garden_tools,01-12-2017,10,901.97,35.59666,90.2,40,278,1,3960,4.0,68,15,6,0,12,2017,0.704,9706.7,79.94,4.1,41.046478,110.03,4.0,40.261856,79.66,3.9,44.409373,90.2
garden6,garden_tools,01-02-2018,17,1533.35,28.946587,90.2,40,278,1,3960,4.0,89,16,5,0,2,2018,0.694,5283.9,88.26,4.3,23.858666,111.44,4.0,28.109175,85.15,3.9,40.492064,90.2
garden6,garden_tools,01-04-2018,9,811.78,30.676335,90.2,40,278,1,3960,4.0,64,23,8,0,4,2018,0.483,6393.8,95.64,3.8,19.436336,97.58,4.1,25.287265,77.61,4.2,23.138033,90.2
garden6,garden_tools,01-06-2018,8,721.58,31.286049,90.2,40,278,1,3960,4.0,38,19,6,0,6,2018,0.93,7829.6,87.66,3.7,34.406663,93.47,3.8,21.01191,91.43,4.1,24.008867,90.2
garden7,garden_tools,01-05-2017,24,3183.21,28.790496,132.63,59,467,1,3199,4.1,160,19,8,0,5,2017,0.605,5303.0,153.28,4.3,21.966284,141.69,4.2,36.475734,129.11,4.3,25.258216,130.0
garden7,garden_tools,01-06-2017,6,795.8,28.244094,132.63,59,467,1,3199,4.1,26,20,9,0,6,2017,0.8,3837.0,113.96,4.0,26.812706,139.08,3.9,21.630516,142.97,4.3,28.343281,132.63
garden7,garden_tools,01-08-2017,22,2917.94,32.476361,132.63,59,467,1,3199,4.1,145,22,6,0,8,2017,0.755,3895.0,116.01,4.3,30.926984,113.41,4.3,38.845794,117.57,3.9,29.951041,132.63
garden7,garden_tools,01-09-2017,16,2122.14,27.030113,132.63,59,467,1,3199,4.1,104,19,6,0,9,2017,0.621,3460.2,143.81,4.0,24.327147,168.27,4.0,16.44677,145.99,4.0,27.137395,132.63
garden7,garden_tools,01-11-2017,7,854.96,24.735529,122.14,59,467,1,3199,4.1,52,18,9,1,11,2017,0.555,4452.4,139.21,3.9,31.217016,162.82,3.9,26.730083,127.06,4.1,24.742148,132.63
garden7,garden_tools,01-03-2018,8,977.09,25.682015,122.14,59,467,1,3199,4.1,55,15,4,0,3,2018,0.338,7244.8,144.01,4.1,33.573278,150.05,4.1,35.640004,105.87,4.1,24.81403,122.14
garden7,garden_tools,01-04-2018,21,2564.87,30.053586,122.14,59,467,1,3199,4.1,146,19,4,0,4,2018,0.414,4566.4,137.16,4.4,22.862066,105.46,4.2,32.45211,110.7,4.0,34.916085,122.14
garden7,garden_tools,01-06-2018,6,732.82,25.507194,122.14,59,467,1,3199,4.1,26,19,6,0,6,2018,0.911,4484.4,142.37,4.0,22.630148,160.93,4.0,19.386256,108.23,4.1,16.257967,122.14
garden8,garden_tools,01-01-2017,6,486.94,18.524352,81.16,45,710,2,1731,4.2,25,22,4,0,1,2017,0.312,2619.7,92.47,4.0,16.311751,69.65,4.3,11.329801,87.03,4.4,22.690185,79.87
garden8,garden_tools,01-02-2017,5,405.79,17.497666,81.16,45,710,2,1731,4.2,42,20,8,1,2,2017,0.46,4431.0,77.96,4.1,17.761551,71.52,4.2,16.502978,85.85,4.1,14.508804,81.16
garden8,garden_tools,01-03-2017,16,1093.91,18.414488,68.37,45,710,2,1731,4.2,84,21,8,0,3,2017,0.521,1440.7,65.01,4.5,17.234861,86.4,4.3,14.43758,63.73,4.3,25.752233,81.16
garden8,garden_tools,01-04-2017,18,1230.65,17.034867,68.37,45,710,2,1731,4.2,104,14,6,0,4,2017,0.437,2946.8,61.79,4.0,23.716543,71.04,4.4,16.065813,59.48,4.0,16.831597,68.37
garden8,garden_tools,01-06-2017,9,615.32,15.026726,68.37,45,710,2,1731,4.2,50,15,8,0,6,2017,0.526,2729.4,67.7,4.4,9.125832,56.84,4.1,20.347354,76.56,4.2,21.032523,68.37
garden8,garden_tools,01-01-2018,31,1885.05,18.443199,60.81,45,710,2,1731,4.2,146,22,5,0,1,2018,0.302,2690.4,53.67,4.3,18.291376,80.96,4.3,16.181488,67.46,4.5,21.254514,68.37
garden8,garden_tools,01-02-2018,11,668.89,22.216276,60.81,45,710,2,1731,4.2,61,22,6,0,2,2018,0.816,2260.3,67.2,4.4,15.3184,50.16,4.3,19.836975,54.7,4.1,27.346675,60.81
garden8,garden_tools,01-03-2018,14,851.31,18.149394,60.81,45,710,2,1731,4.2,90,17,7,0,3,2018,0.73,1740.4,64.48,4.2,24.636504,64.22,4.1,14.242696,60.22,4.0,18.804461,60.81
garden8,garden_tools,01-04-2018,20,1216.16,21.976045,60.81,45,710,2,1731,4.2,109,21,7,0,4,2018,0.683,3945.7,63.95,4.2,25.162402,76.56,4.3,19.068417,58.95,4.4,24.059891,60.81
garden8,garden_tools,01-05-2018,14,851.31,22.428884,60.81,45,710,2,1731,4.2,73,16,6,0,5,2018,0.804,2277.7,61.17,4.1,21.578634,73.4,4.3,30.34292,58.2,4.3,28.446963,60.81
garden8,garden_tools,01-07-2018,30,1824.25,19.802187,60.81,45,710,2,1731,4.2,152,16,5,0,7,2018,0.478,2899.9,57.94,4.3,12.486239,79.37,4.4,21.105638,60.25,4.5,17.468097,60.81
garden8,garden_tools,01-08-2018,19,1155.36,14.82106,60.81,45,710,2,1731,4.2,135,22,7,0,8,2018,0.86,2678.5,67.99,4.1,11.935242,62.39,4.4,9.093892,51.74,4.2,16.154236,60.81
garden9,garden_tools,01-01-2017,13,1026.68,41.114928,78.98,31,428,2,4674,4.1,80,18,7,0,1,2017,0.312,5201.8,92.69,4.3,44.40887,88.02,4.0,25.562574,71.5,4.0,27.500105,102.08
garden9,garden_tools,01-02-2017,10,789.75,39.287463,78.98,31,428,2,4674,4.1,65,22,7,0,2,2017,0.647,6901.7,70.82,4.1,46.212366,83.64,4.1,41.451502,73.35,3.9,40.12983,78.98
garden9,garden_tools,01-03-2017,8,631.8,34.559682,78.98,31,428,2,4674,4.1,51,19,7,0,3,2017,0.711,10213.2,88.95,4.2,46.235462,82.28,4.2,25.636271,74.02,4.4,34.253785,78.98
garden9,garden_tools,01-05-2017,12,947.7,37.107161,78.98,31,428,2,4674,4.1,72,20,8,0,5,2017,0.386,7357.5,86.42,4.5,25.403309,80.96,4.2,45.068199,69.17,4.4,47.752911,78.98
garden9,garden_tools,01-06-2017,10,789.75,37.027786,78.98,31,428,2,4674,4.1,71,22,9,0,6,2017,0.288,4961.5,86.24,4.1,45.326641,86.29,4.0,27.592634,86.93,4.1,28.070047,78.98
garden9,garden_tools,01-07-2017,37,2922.08,36.401094,78.98,31,428,2,4674,4.1,238,19,5,0,7,2017,0.858,10702.3,83.16,4.1,31.056189,71.68,4.1,50.259669,82.93,4.3,37.635731,78.98
garden9,garden_tools,01-08-2017,23,1816.43,34.249393,78.98,31,428,2,4674,4.1,109,21,7,1,8,2017,0.588,8733.0,88.89,3.9,47.126521,98.35,4.3,26.240409,83.22,4.0,36.38019,78.98
garden9,garden_tools,01-09-2017,9,710.78,36.163472,78.98,31,428,2,4674,4.1,40,18,6,0,9,2017,0.718,5718.5,68.38,4.1,35.396827,74.53,3.9,25.345604,75.08,4.1,50.204525,78.98
garden9,garden_tools,01-12-2017,14,1105.65,36.134093,78.98,31,428,2,4674,4.1,110,16,6,1,12,2017,0.605,7024.7,78.22,3.7,28.42403,93.35,4.3,46.965867,80.49,4.1,25.703848,78.98
garden9,garden_tools,01-01-2018,7,552.83,35.795401,78.98,31,428,2,4674,4.1,39,16,8,0,1,2018,0.595,9565.7,93.8,4.1,47.931064,67.58,4.3,37.120281,77.63,4.1,28.216747,78.98
garden9,garden_tools,01-03-2018,22,1737.45,33.666477,78.98,31,428,2,4674,4.1,156,20,5,0,3,2018,0.636,4883.9,70.15,4.0,30.526184,83.81,3.7,33.215295,75.52,4.4,46.164464,78.98
garden9,garden_tools,01-05-2018,43,3395.93,39.408203,78.98,31,428,2,4674,4.1,309,17,8,0,5,2018,0.93,7876.1,68.86,3.8,44.776219,93.34,4.5,27.801282,74.03,4.2,40.398564,78.98
garden9,garden_tools,01-08-2018,8,631.8,36.446261,78.98,31,428,2,4674,4.1,46,21,8,0,8,2018,0.715,11338.8,93.22,4.3,50.605088,103.24,3.9,27.615835,69.25,4.1,43.908294,78.98
health1,health_beauty,01-03-2017,27,2003.11,21.977665,74.19,55,1414,4,2011,4.3,205,16,5,0,3,2017,0.484,3963.3,79.2,4.4,27.826543,94.87,4.3,16.724338,70.3,4.3,16.037363,71.77
health1,health_beauty,01-04-2017,18,1335.41,23.196566,74.19,55,1414,4,2011,4.3,120,16,6,0,4,2017,0.409,3221.6,74.38,4.5,30.258687,75.72,4.4,23.684011,84.06,4.4,28.04774,74.19
health1,health_beauty,01-05-2017,16,1187.03,19.505013,74.19,55,1414,4,2011,4.3,99,14,3,0,5,2017,0.605,3632.9,83.37,4.0,21.887732,87.73,4.5,22.660249,67.93,4.4,12.087001,74.19
health1,health_beauty,01-06-2017,14,1038.65,21.27551,74.19,55,1414,4,2011,4.3,74,20,3,0,6,2017,0.923,3179.1,63.47,4.3,21.195653,66.83,4.1,19.14035,84.69,4.5,18.469101,74.19
health1,health_beauty,01-07-2017,25,1854.74,20.206335,74.19,55,1414,4,2011,4.3,167,18,6,0,7,2017,0.901,4384.5,78.3,4.4,25.419113,60.78,4.5,28.233281,80.58,4.4,25.464248,74.19
health1,health_beauty,01-08-2017,13,964.46,17.56362,74.19,55,1414,4,2011,4.3,78,19,8,0,8,2017,0.63,2189.5,79.32,4.3,12.636703,62.51,4.1,18.94468,77.86,4.4,14.756777,74.19
health1,health_beauty,01-09-2017,8,593.52,19.381313,74.19,55,1414,4,2011,4.3,48,21,9,1,9,2017,0.338,4593.9,88.87,4.2,22.51541,85.18,4.4,17.477166,71.59,4.5,13.331001,74.19
health1,health_beauty,01-10-2017,6,445.14,20.725946,74.19,55,1414,4,2011,4.3,30,20,5,0,10,2017,0.851,3529.9,88.93,4.4,14.529336,63.13,4.5,19.345412,74.85,4.5,21.92211,74.19
health1,health_beauty,01-12-2017,12,890.27,23.927806,74.19,55,1414,4,2011,4.3,81,14,6,0,12,2017,0.628,2124.6,66.4,4.2,17.372523,67.19,4.5,17.658797,84.45,4.3,31.305116,74.19
health1,health_beauty,01-01-2018,16,1187.03,20.956951,74.19,55,1414,4,2011,4.3,97,18,7,0,1,2018,0.332,2156.6,86.84,4.4,16.909534,80.52,4.5,18.138413,73.42,4.4,16.077077,74.19
health1,health_beauty,01-02-2018,23,1706.36,20.819114,74.19,55,1414,4,2011,4.3,124,18,9,0,2,2018,0.498,4925.1,86.2,4.2,25.634853,62.93,4.1,26.359603,73.34,4.0,28.031165,74.19
health1,health_beauty,01-03-2018,15,1112.84,22.284304,74.19,55,1414,4,2011,4.3,89,16,9,0,3,2018,0.572,4764.3,66.12,4.4,16.666189,64.34,4.1,21.740621,65.68,4.4,15.436743,74.19
health1,health_beauty,01-06-2018,10,640.37,18.799441,64.04,55,1414,4,2011,4.3,60,21,9,0,6,2018,0.412,4505.7,58.55,4.2,24.414055,58.49,4.5,21.865458,58.1,4.3,18.077888,74.19
health1,health_beauty,01-08-2018,9,576.33,22.771684,64.04,55,1414,4,2011,4.3,48,16,6,0,8,2018,0.767,1612.1,61.77,4.4,24.210652,69.77,4.0,22.098231,66.69,4.3,26.970669,64.04
health10,health_beauty,01-01-2017,12,1146.94,12.827317,95.58,41,1476,1,379,3.8,74,15,9,0,1,2017,0.843,722.0,83.49,4.0,14.309317,127.09,4.0,17.176131,96.92,3.8,15.888037,96.25
health10,health_beauty,01-03-2017,22,1895.72,17.445808,86.17,41,1476,1,379,3.8,159,21,4,0,3,2017,0.68,748.2,83.56,3.5,22.618794,69.91,3.9,16.466033,98.73,3.9,20.351533,95.58
health10,health_beauty,01-04-2017,12,1034.03,13.591955,86.17,41,1476,1,379,3.8,74,20,8,0,4,2017,0.827,781.7,86.62,3.7,9.132452,110.48,3.9,18.328383,82.2,3.9,9.315423,86.17
health10,health_beauty,01-05-2017,8,689.35,12.366608,86.17,41,1476,1,379,3.8,57,21,6,0,5,2017,0.597,655.5,85.73,3.9,9.172514,70.65,3.8,12.066068,77.06,3.7,8.613763,86.17
health10,health_beauty,01-06-2017,9,775.52,10.101722,86.17,41,1476,1,379,3.8,48,19,8,0,6,2017,0.847,649.9,93.46,3.8,10.680348,90.3,3.8,8.562948,98.97,3.8,11.171779,86.17
health10,health_beauty,01-07-2017,8,766.48,15.006944,95.81,41,1476,1,379,3.8,49,22,8,0,7,2017,0.562,854.8,105.45,3.7,17.620655,100.04,4.1,15.494217,100.18,4.1,13.732762,86.17
health10,health_beauty,01-08-2017,13,1059.17,16.220146,81.47,41,1476,1,379,3.8,70,18,4,0,8,2017,0.79,882.7,81.64,3.9,20.568646,100.27,3.9,21.593316,74.83,3.9,17.41099,95.81
health10,health_beauty,01-09-2017,8,651.8,11.677663,81.47,41,1476,1,379,3.8,48,23,8,0,9,2017,0.677,874.5,81.35,3.9,7.589797,80.7,3.6,10.352103,83.95,3.9,7.991368,81.47
health10,health_beauty,01-11-2017,43,3503.41,13.667934,81.47,41,1476,1,379,3.8,247,21,6,0,11,2017,0.93,503.6,88.68,3.9,13.328056,90.94,3.9,13.825326,70.34,3.8,8.836149,81.47
health10,health_beauty,01-02-2018,18,1466.54,10.406948,81.47,41,1476,1,379,3.8,89,19,8,0,2,2018,0.891,477.9,88.45,4.0,10.871676,81.47,3.7,9.618687,88.56,3.8,14.033547,81.47
health10,health_beauty,01-03-2018,22,1792.44,9.174929,81.47,41,1476,1,379,3.8,154,18,8,0,3,2018,0.902,939.2,90.39,3.7,11.917585,86.57,3.7,8.907298,87.58,3.7,10.882483,81.47
health10,health_beauty,01-04-2018,11,896.22,11.652884,81.47,41,1476,1,379,3.8,80,18,3,0,4,2018,0.507,391.1,93.53,3.9,12.788005,108.17,3.7,14.316661,83.82,4.0,7.354281,81.47
health10,health_beauty,01-06-2018,15,1222.12,11.815885,81.47,41,1476,1,379,3.8,65,21,5,0,6,2018,0.432,332.9,71.98,3.6,11.922623,69.6,3.6,8.586015,82.74,3.7,13.512346,81.47
health10,health_beauty,01-07-2018,6,488.85,12.411642,81.47,41,1476,1,379,3.8,43,19,8,1,7,2018,0.918,576.8,97.35,3.7,16.026294,104.56,3.8,10.650447,85.86,3.8,11.750559,81.47
health10,health_beauty,01-08-2018,11,896.22,10.206458,81.47,41,1476,1,379,3.8,67,17,8,0,8,2018,0.581,757.6,72.71,3.8,10.735501,88.3,3.8,9.269857,88.37,3.7,13.677488,81.47
health2,health_beauty,01-04-2017,24,1778.14,20.198693,74.09,60,1293,3,1825,4.2,179,18,5,0,4,2017,0.277,2775.3,64.5,4.5,24.565982,98.41,4.3,21.377604,76.59,4.1,27.622334,67.94
health2,health_beauty,01-05-2017,17,1259.52,20.827602,74.09,60,1293,3,1825,4.2,98,23,8,0,5,2017,0.555,1915.7,81.59,4.0,27.068492,92.16,4.1,19.840122,81.59,4.3,15.447109,74.09
health2,health_beauty,01-07-2017,11,909.97,27.839162,82.72,60,1293,3,1825,4.2,58,19,7,0,7,2017,0.591,2606.4,74.17,4.2,32.932488,104.14,4.3,31.843812,92.17,4.3,32.622606,74.09
health2,health_beauty,01-09-2017,9,744.52,21.476948,82.72,60,1293,3,1825,4.2,68,23,6,0,9,2017,0.464,3145.4,83.12,4.1,28.505575,69.44,4.2,15.809231,90.56,4.2,18.141622,82.72
health2,health_beauty,01-10-2017,8,661.8,19.926436,82.72,60,1293,3,1825,4.2,58,22,4,0,10,2017,0.434,2012.1,96.18,4.3,12.819719,82.67,4.5,24.399031,85.77,4.2,26.529483,82.72
health2,health_beauty,01-11-2017,32,2647.18,22.980979,82.72,60,1293,3,1825,4.2,149,17,7,1,11,2017,0.735,3825.5,71.21,4.2,27.542202,92.65,4.2,30.539513,77.18,4.2,27.820239,82.72
health2,health_beauty,01-12-2017,5,413.62,18.631211,82.72,60,1293,3,1825,4.2,29,19,7,0,12,2017,0.391,3683.0,74.82,4.3,14.14273,78.9,4.2,12.482399,92.4,4.5,18.751895,82.72
health2,health_beauty,01-01-2018,9,744.52,20.99689,82.72,60,1293,3,1825,4.2,66,19,9,0,1,2018,0.392,2131.4,90.53,4.1,24.548887,102.77,4.1,22.15716,91.74,4.2,24.021385,82.72
health2,health_beauty,01-04-2018,11,909.97,19.465061,82.72,60,1293,3,1825,4.2,53,18,8,0,4,2018,0.841,2807.9,80.91,4.1,25.895374,91.79,4.2,20.714437,93.27,4.0,26.691925,82.72
health2,health_beauty,01-08-2018,16,997.55,16.962866,62.35,60,1293,3,1825,4.2,115,17,9,0,8,2018,0.823,1692.8,69.85,4.3,16.483757,79.05,4.4,21.270511,60.88,4.2,23.58027,82.72
health3,health_beauty,01-02-2017,20,828.67,14.6143,41.43,48,322,2,1692,3.9,101,20,6,0,2,2017,0.444,2063.9,40.7,3.6,19.116904,41.94,3.8,14.631391,41.95,4.0,13.196577,41.82
health3,health_beauty,01-04-2017,5,207.17,11.412623,41.43,48,322,2,1692,3.9,34,19,7,0,4,2017,0.423,1982.7,45.41,4.3,11.139822,43.53,4.0,15.717742,36.19,3.9,14.287068,41.43
health3,health_beauty,01-06-2017,10,414.33,19.907839,41.43,48,322,2,1692,3.9,61,17,9,0,6,2017,0.435,2517.5,36.14,4.1,14.049925,36.09,3.8,27.561596,43.78,3.8,16.284034,41.43
health3,health_beauty,01-07-2017,7,290.03,17.233493,41.43,48,322,2,1692,3.9,46,19,8,0,7,2017,0.551,1391.1,43.02,4.1,20.288169,40.86,4.0,14.520411,42.06,3.8,14.277306,41.43
health3,health_beauty,01-09-2017,11,455.77,16.859783,41.43,48,322,2,1692,3.9,61,14,3,0,9,2017,0.798,2110.4,47.06,3.9,12.880429,44.55,3.9,22.001487,36.32,3.8,14.175829,41.43
health3,health_beauty,01-10-2017,11,455.77,19.238803,41.43,48,322,2,1692,3.9,49,15,7,0,10,2017,0.876,2759.8,45.87,3.8,26.492611,43.35,3.9,15.055045,42.06,4.0,25.48991,41.43
health3,health_beauty,01-11-2017,8,331.47,19.673829,41.43,48,322,2,1692,3.9,52,17,5,1,11,2017,0.345,3378.9,41.18,4.1,14.720903,47.85,3.7,20.299023,41.48,4.0,24.03545,41.43
health3,health_beauty,01-12-2017,37,1533.03,18.474894,41.43,48,322,2,1692,3.9,238,20,4,1,12,2017,0.873,2647.7,46.84,3.9,16.964676,34.96,3.8,19.284744,37.17,3.7,13.361441,41.43
health3,health_beauty,01-01-2018,16,662.93,21.052005,41.43,48,322,2,1692,3.9,115,16,6,0,1,2018,0.547,2967.9,44.02,3.9,27.44049,51.92,3.8,18.701,41.25,3.8,14.888524,41.43
health3,health_beauty,01-02-2018,10,414.33,21.895903,41.43,48,322,2,1692,3.9,69,15,3,0,2,2018,0.28,3369.4,35.3,3.9,15.956129,40.09,3.8,28.457295,45.45,3.8,27.245556,41.43
health3,health_beauty,01-05-2018,22,911.53,20.141278,41.43,48,322,2,1692,3.9,152,18,4,0,5,2018,0.924,1628.9,46.55,4.0,15.673718,40.27,4.0,14.858011,36.81,3.7,26.89361,41.43
health3,health_beauty,01-06-2018,15,473.62,24.214235,31.57,48,322,2,1692,3.9,68,21,6,0,6,2018,0.429,1370.6,28.87,4.0,17.308161,38.24,4.0,31.978779,27.85,3.6,19.701573,41.43
health3,health_beauty,01-08-2018,8,252.6,21.061174,31.57,48,322,2,1692,3.9,38,18,8,0,8,2018,0.506,1604.7,26.95,4.0,17.691262,34.99,3.8,28.871227,29.19,3.8,16.512328,31.57
health4,health_beauty,01-01-2017,14,1529.94,27.227813,109.28,45,807,2,2896,3.8,97,16,4,0,1,2017,0.813,5996.7,97.39,3.8,25.484358,110.14,3.8,28.945846,106.75,3.9,37.384038,103.66
health4,health_beauty,01-02-2017,7,764.97,23.893662,109.28,45,807,2,2896,3.8,35,14,8,0,2,2017,0.819,4582.8,126.01,3.9,31.179121,118.93,3.7,27.644174,110.51,3.8,15.79328,109.28
health4,health_beauty,01-03-2017,19,2076.35,25.985308,109.28,45,807,2,2896,3.8,106,15,8,0,3,2017,0.743,5042.5,95.68,4.1,21.038676,104.49,3.6,26.476784,108.93,3.9,35.67591,109.28
health4,health_beauty,01-04-2017,17,1857.79,26.885986,109.28,45,807,2,2896,3.8,125,20,7,0,4,2017,0.892,5209.4,112.09,3.8,18.501564,143.44,3.8,27.768944,114.52,3.6,24.608823,109.28
health4,health_beauty,01-05-2017,16,1625.01,25.569629,101.56,45,807,2,2896,3.8,94,22,6,0,5,2017,0.606,3766.3,101.4,3.4,22.478218,100.51,3.9,32.849307,93.41,3.9,30.131171,109.28
health4,health_beauty,01-06-2017,10,1015.63,25.920905,101.56,45,807,2,2896,3.8,44,21,6,0,6,2017,0.387,2658.9,106.5,3.7,20.641183,127.61,3.8,22.52985,93.32,3.8,18.816013,101.56
health4,health_beauty,01-08-2017,5,507.81,23.749453,101.56,45,807,2,2896,3.8,28,18,7,0,8,2017,0.724,5765.1,91.42,3.6,28.214909,99.87,3.9,24.442402,93.36,3.8,28.686514,101.56
health4,health_beauty,01-09-2017,8,812.5,26.638216,101.56,45,807,2,2896,3.8,51,19,3,0,9,2017,0.358,3783.6,106.13,4.0,26.820741,124.35,3.7,27.306242,104.65,4.0,23.527784,101.56
health4,health_beauty,01-11-2017,8,812.5,23.711359,101.56,45,807,2,2896,3.8,39,21,5,1,11,2017,0.454,3028.8,93.56,3.8,16.816999,130.96,3.7,25.501618,112.76,3.7,29.144204,101.56
health4,health_beauty,01-12-2017,18,1368.0,25.993768,76.0,45,807,2,2896,3.8,106,18,8,0,12,2017,0.445,3427.9,86.91,3.9,26.941658,65.81,3.9,17.550842,73.85,3.8,18.458149,101.56
health4,health_beauty,01-02-2018,25,1900.0,27.278581,76.0,45,807,2,2896,3.8,128,20,6,0,2,2018,0.879,4597.1,71.22,3.9,17.824663,78.27,3.7,22.555613,77.13,3.7,17.972491,76.0
health4,health_beauty,01-04-2018,38,2888.01,28.730987,76.0,45,807,2,2896,3.8,192,17,7,0,4,2018,0.658,2681.4,89.84,3.9,18.387202,70.26,3.6,36.41294,71.0,3.6,29.384934,76.0
health4,health_beauty,01-05-2018,10,760.0,24.62737,76.0,45,807,2,2896,3.8,68,16,3,0,5,2018,0.39,3052.6,79.96,3.8,27.160519,90.33,3.7,21.19585,78.72,3.9,29.441311,76.0
health4,health_beauty,01-06-2018,12,912.0,29.136602,76.0,45,807,2,2896,3.8,78,21,7,0,6,2018,0.593,3145.6,90.46,3.6,33.705353,95.97,3.6,40.079939,76.67,3.7,30.413336,76.0
health4,health_beauty,01-07-2018,22,1281.52,25.358131,58.25,45,807,2,2896,3.8,128,19,5,1,7,2018,0.819,5758.0,61.76,3.6,20.854366,65.58,3.8,15.769782,62.33,3.7,20.683664,76.0
health5,health_beauty,01-01-2017,9,1346.28,29.267958,149.59,52,470,1,4126,4.3,51,22,5,0,1,2017,0.667,5183.7,168.36,4.1,24.796101,146.29,4.3,20.210781,130.4,4.4,22.275076,136.3
health5,health_beauty,01-03-2017,4,598.35,36.805037,149.59,52,470,1,4126,4.3,29,22,7,0,3,2017,0.481,7203.1,173.15,4.3,51.02427,157.44,4.0,28.360805,169.12,4.2,40.374562,149.59
health5,health_beauty,01-04-2017,14,2094.21,32.38208,149.59,52,470,1,4126,4.3,68,22,4,0,4,2017,0.877,5433.5,152.15,4.2,42.7131,169.8,4.2,24.324043,143.37,4.5,31.2614,149.59
health5,health_beauty,01-05-2017,7,1047.11,35.294159,149.59,52,470,1,4126,4.3,48,21,8,0,5,2017,0.502,4564.1,154.73,4.3,38.927756,127.63,4.5,30.225019,132.94,4.2,38.385262,149.59
health5,health_beauty,01-06-2017,8,1196.69,40.123883,149.59,52,470,1,4126,4.3,39,15,5,0,6,2017,0.897,10193.6,160.36,4.3,40.211594,187.4,4.5,35.395496,161.95,4.3,44.414153,149.59
health5,health_beauty,01-07-2017,14,1665.16,31.45167,118.94,52,470,1,4126,4.3,94,18,8,0,7,2017,0.34,9066.9,126.91,4.3,29.272451,100.84,4.3,25.287997,125.96,4.1,31.295807,149.59
health5,health_beauty,01-09-2017,7,832.58,32.282444,118.94,52,470,1,4126,4.3,49,21,3,0,9,2017,0.851,8645.2,106.61,4.2,22.44623,97.51,4.4,20.794963,125.86,4.3,32.390211,118.94
health5,health_beauty,01-10-2017,9,1070.46,29.443849,118.94,52,470,1,4126,4.3,52,21,8,0,10,2017,0.787,6495.7,103.2,4.0,35.142548,154.46,4.1,24.212669,118.55,4.2,26.887142,118.94
health5,health_beauty,01-11-2017,11,1308.34,35.935114,118.94,52,470,1,4126,4.3,51,21,7,1,11,2017,0.35,6695.2,121.0,4.1,27.870323,114.39,4.0,45.512119,115.07,4.2,47.60544,118.94
health5,health_beauty,01-12-2017,6,810.44,33.689645,135.07,52,470,1,4126,4.3,40,23,7,1,12,2017,0.574,4622.8,122.0,4.2,34.137189,114.57,4.4,39.885336,128.57,4.4,21.635624,118.94
health5,health_beauty,01-02-2018,9,1215.67,33.852423,135.07,52,470,1,4126,4.3,42,20,9,0,2,2018,0.747,6848.7,125.66,4.3,28.203006,128.19,4.3,46.436528,116.05,4.1,46.084231,135.07
health5,health_beauty,01-03-2018,7,945.52,31.27111,135.07,52,470,1,4126,4.3,32,19,5,0,3,2018,0.368,10421.9,150.45,4.3,26.293516,168.46,4.2,30.911426,155.2,4.2,20.54855,135.07
health5,health_beauty,01-05-2018,8,1080.59,35.750483,135.07,52,470,1,4126,4.3,50,21,7,0,5,2018,0.907,8437.1,117.35,4.3,45.519333,121.57,4.4,25.781953,142.77,4.5,34.296323,135.07
health5,health_beauty,01-06-2018,10,1350.74,30.754994,135.07,52,470,1,4126,4.3,66,18,3,0,6,2018,0.448,3883.4,139.33,4.0,31.245391,150.52,4.5,34.035519,123.59,4.1,32.596271,135.07
health6,health_beauty,01-02-2017,16,1226.49,11.628649,76.66,58,172,2,663,3.9,74,15,8,0,2,2017,0.369,1040.2,87.57,3.9,11.250526,78.46,3.7,15.328768,76.36,4.1,13.85661,75.39
health6,health_beauty,01-03-2017,12,919.87,14.838478,76.66,58,172,2,663,3.9,62,15,6,0,3,2017,0.788,670.4,81.51,4.0,11.237953,70.84,4.0,18.552194,86.99,4.1,14.050468,76.66
health6,health_beauty,01-04-2017,13,996.53,14.925176,76.66,58,172,2,663,3.9,57,19,9,0,4,2017,0.476,650.8,89.5,3.8,13.056179,63.87,3.9,13.360406,73.36,3.8,13.186755,76.66
health6,health_beauty,01-06-2017,12,919.87,12.644815,76.66,58,172,2,663,3.9,83,20,6,0,6,2017,0.578,1247.8,77.04,3.8,14.707579,102.32,4.1,13.735588,75.06,4.0,16.365957,76.66
health6,health_beauty,01-08-2017,20,1533.12,14.744639,76.66,58,172,2,663,3.9,100,23,3,0,8,2017,0.316,1474.4,80.62,3.7,11.459341,74.37,4.0,8.867553,84.68,4.2,19.282157,76.66
health6,health_beauty,01-10-2017,5,383.28,11.973513,76.66,58,172,2,663,3.9,31,18,6,0,10,2017,0.487,729.6,77.95,3.7,9.609042,86.81,3.9,13.354634,72.6,4.0,14.78831,76.66
health6,health_beauty,01-11-2017,18,1379.81,11.903045,76.66,58,172,2,663,3.9,110,14,5,1,11,2017,0.75,1218.2,79.58,4.1,7.584492,85.34,4.1,10.226724,72.36,3.9,16.11487,76.66
health6,health_beauty,01-01-2018,16,1226.49,13.058409,76.66,58,172,2,663,3.9,116,17,4,0,1,2018,0.844,859.6,82.94,3.8,17.957439,65.68,4.0,9.421707,71.57,3.9,9.882808,76.66
health6,health_beauty,01-02-2018,8,613.25,10.590095,76.66,58,172,2,663,3.9,47,16,4,0,2,2018,0.287,1035.1,75.43,3.9,10.518152,97.85,4.1,11.418012,81.05,3.9,6.750819,76.66
health6,health_beauty,01-05-2018,21,1609.77,14.160951,76.66,58,172,2,663,3.9,122,16,5,0,5,2018,0.531,1259.3,80.39,3.8,14.973146,94.92,4.1,11.753137,66.02,4.1,15.949719,76.66
health6,health_beauty,01-08-2018,13,857.72,16.353008,65.98,58,172,2,663,3.9,88,15,4,0,8,2018,0.808,1433.2,76.62,3.9,21.037885,77.05,3.9,21.237495,68.0,3.9,18.365061,76.66
health7,health_beauty,01-02-2017,5,239.42,17.489022,47.88,56,208,2,1223,4.0,29,19,5,0,2,2017,0.742,1705.9,47.46,4.1,13.649459,59.29,3.8,21.821927,50.37,4.2,18.454213,47.15
health7,health_beauty,01-04-2017,12,574.62,18.434497,47.88,56,208,2,1223,4.0,67,17,3,0,4,2017,0.815,2045.4,50.7,3.8,17.320759,60.07,3.9,13.626035,41.6,3.9,20.045833,47.88
health7,health_beauty,01-05-2017,13,622.5,17.904233,47.88,56,208,2,1223,4.0,69,20,8,0,5,2017,0.585,1271.2,54.7,4.0,14.437626,55.91,3.9,18.860895,47.81,4.0,16.440653,47.88
health7,health_beauty,01-06-2017,7,335.19,16.509045,47.88,56,208,2,1223,4.0,32,15,6,0,6,2017,0.35,2326.0,41.0,3.9,14.947673,59.07,3.7,12.494084,45.49,4.0,20.694852,47.88
health7,health_beauty,01-07-2017,12,488.44,16.889303,40.7,56,208,2,1223,4.0,81,17,9,0,7,2017,0.52,1143.7,44.04,4.2,11.080016,41.84,4.0,21.445201,41.84,3.8,23.603637,47.88
health7,health_beauty,01-08-2017,24,976.89,14.277298,40.7,56,208,2,1223,4.0,171,14,8,0,8,2017,0.782,2615.6,44.88,3.9,19.719031,36.88,3.9,19.74847,38.37,4.1,13.47396,40.7
health7,health_beauty,01-10-2017,24,859.78,22.678365,35.82,56,208,2,1223,4.0,158,18,4,0,10,2017,0.527,1817.8,38.62,3.9,28.864144,41.49,4.0,22.02886,36.48,3.8,29.940472,40.7
health7,health_beauty,01-11-2017,8,286.59,14.614821,35.82,56,208,2,1223,4.0,46,20,8,0,11,2017,0.56,2614.9,31.01,4.0,9.396556,36.54,4.1,18.126964,33.41,3.9,14.516957,35.82
health7,health_beauty,01-12-2017,16,573.19,20.546621,35.82,56,208,2,1223,4.0,112,17,4,1,12,2017,0.664,1224.6,33.29,4.0,27.024946,38.7,4.0,16.775595,35.23,4.2,26.396656,35.82
health7,health_beauty,01-01-2018,28,882.43,18.935737,31.52,56,208,2,1223,4.0,169,22,6,0,1,2018,0.384,2029.4,34.9,4.2,22.187118,42.06,4.1,12.907762,27.01,4.0,13.766529,35.82
health7,health_beauty,01-04-2018,19,598.79,15.98098,31.52,56,208,2,1223,4.0,121,21,8,0,4,2018,0.857,2558.1,33.99,3.9,22.214187,32.19,4.2,13.092161,27.63,4.0,11.200483,31.52
health7,health_beauty,01-05-2018,58,1827.89,17.265089,31.52,56,208,2,1223,4.0,340,17,7,1,5,2018,0.301,3108.5,28.05,3.9,19.148892,36.78,4.2,12.945039,30.57,4.2,12.981376,31.52
health7,health_beauty,01-06-2018,20,630.31,15.420187,31.52,56,208,2,1223,4.0,146,21,9,0,6,2018,0.323,1210.2,29.27,4.1,21.271774,32.59,4.0,20.762648,29.39,4.2,19.363686,31.52
health7,health_beauty,01-08-2018,12,378.18,16.627284,31.52,56,208,2,1223,4.0,67,23,8,0,8,2018,0.945,1211.8,32.78,3.9,21.439712,32.76,4.2,23.228448,28.5,4.1,12.61943,31.52
health8,health_beauty,01-01-2017,14,516.65,24.538345,36.9,52,450,2,3214,4.2,104,22,7,0,1,2017,0.913,3018.4,32.3,4.1,23.228454,40.51,4.2,24.386969,33.99,4.2,34.331427,36.76
health8,health_beauty,01-02-2017,16,590.46,25.287965,36.9,52,450,2,3214,4.2,98,20,7,0,2,2017,0.725,8241.9,31.61,4.4,30.933377,43.38,4.3,15.71063,34.96,4.2,31.25108,36.9
health8,health_beauty,01-03-2017,9,332.13,28.05732,36.9,52,450,2,3214,4.2,54,21,5,0,3,2017,0.405,5855.1,36.45,4.4,24.577175,31.4,4.1,38.485853,40.49,4.2,28.352363,36.9
health8,health_beauty,01-04-2017,16,590.46,25.065229,36.9,52,450,2,3214,4.2,97,16,4,0,4,2017,0.622,3496.9,38.37,4.3,23.893426,45.26,4.1,28.099885,32.25,4.2,17.470665,36.9
health8,health_beauty,01-05-2017,27,996.4,31.372298,36.9,52,450,2,3214,4.2,123,20,5,0,5,2017,0.925,2935.0,33.78,4.1,31.201472,38.24,4.3,32.75491,40.94,4.2,23.108251,36.9
health8,health_beauty,01-07-2017,19,542.44,28.779283,28.55,52,450,2,3214,4.2,112,19,7,0,7,2017,0.453,6594.0,26.81,4.3,29.053693,37.69,4.4,29.135609,30.36,4.3,38.156602,36.9
health8,health_beauty,01-08-2017,10,285.49,24.585139,28.55,52,450,2,3214,4.2,58,22,7,0,8,2017,0.329,7057.2,32.4,4.5,28.237905,26.94,4.3,17.409671,24.82,4.1,30.900737,28.55
health8,health_beauty,01-09-2017,7,199.85,29.820335,28.55,52,450,2,3214,4.2,30,21,7,0,9,2017,0.37,6402.0,31.81,4.1,22.297375,28.82,4.3,31.684139,30.47,4.2,37.368963,28.55
health8,health_beauty,01-10-2017,16,456.79,28.906911,28.55,52,450,2,3214,4.2,88,19,4,0,10,2017,0.753,4641.6,32.59,4.5,37.445567,30.54,4.3,38.03073,29.06,4.2,18.777457,28.55
health8,health_beauty,01-11-2017,16,456.79,23.945267,28.55,52,450,2,3214,4.2,117,18,5,1,11,2017,0.936,3311.1,28.13,4.2,27.018495,38.27,4.2,24.86494,26.57,4.3,24.567088,28.55
health8,health_beauty,01-12-2017,24,685.19,29.630917,28.55,52,450,2,3214,4.2,146,20,9,1,12,2017,0.773,6682.0,27.79,4.5,37.026914,24.98,4.4,26.476404,31.22,4.0,21.588039,28.55
health8,health_beauty,01-01-2018,13,371.14,28.035341,28.55,52,450,2,3214,4.2,68,19,5,0,1,2018,0.35,2960.1,32.32,4.1,17.062931,29.2,4.1,17.907086,25.69,4.3,26.785639,28.55
health8,health_beauty,01-03-2018,30,856.48,27.684409,28.55,52,450,2,3214,4.2,144,18,5,0,3,2018,0.927,7304.7,30.04,4.3,37.799308,37.07,4.4,37.603963,26.06,4.3,23.47266,28.55
health8,health_beauty,01-04-2018,27,770.84,29.804228,28.55,52,450,2,3214,4.2,191,21,7,0,4,2018,0.859,3280.4,27.53,4.0,23.915958,26.34,4.1,25.432479,30.56,4.1,36.890798,28.55
health8,health_beauty,01-05-2018,21,599.54,25.768801,28.55,52,450,2,3214,4.2,105,20,9,0,5,2018,0.401,6464.0,25.7,4.3,21.546782,27.79,4.2,15.794019,32.76,4.5,19.115496,28.55
health8,health_beauty,01-07-2018,8,228.4,25.800024,28.55,52,450,2,3214,4.2,33,22,8,0,7,2018,0.863,6031.2,30.84,4.5,26.726263,30.47,4.1,24.325732,25.4,4.2,24.517123,28.55
health8,health_beauty,01-08-2018,17,485.34,26.038685,28.55,52,450,2,3214,4.2,134,21,3,0,8,2018,0.784,3262.0,25.86,4.2,31.530092,25.71,4.2,24.714761,30.44,4.3,22.387802,28.55
health9,health_beauty,01-01-2017,34,2827.07,19.869432,83.15,53,881,1,1719,4.3,172,18,5,0,1,2017,0.772,3356.2,72.25,4.4,22.162435,102.66,4.2,26.006747,86.08,4.4,16.216314,70.17
health9,health_beauty,01-02-2017,7,582.04,17.908304,83.15,53,881,1,1719,4.3,38,14,5,0,2,2017,0.637,2997.6,86.49,4.5,13.283862,73.99,4.4,12.934036,75.17,4.3,16.465138,83.15
health9,health_beauty,01-03-2017,14,1164.09,20.96887,83.15,53,881,1,1719,4.3,103,17,5,0,3,2017,0.607,4445.7,84.77,4.4,23.319164,107.51,4.5,27.183699,75.35,4.4,14.319706,83.15
health9,health_beauty,01-04-2017,7,582.04,15.788982,83.15,53,881,1,1719,4.3,28,22,5,0,4,2017,0.58,3853.8,81.3,4.4,9.890913,77.61,4.3,16.216592,73.93,4.1,15.397662,83.15
health9,health_beauty,01-06-2017,6,498.9,18.134848,83.15,53,881,1,1719,4.3,37,14,7,0,6,2017,0.446,2781.2,86.62,4.1,19.20523,78.82,4.5,24.726443,81.65,4.1,22.652184,83.15
health9,health_beauty,01-07-2017,10,831.49,21.29141,83.15,53,881,1,1719,4.3,54,18,6,1,7,2017,0.518,2037.8,75.26,4.2,27.207208,81.89,4.2,26.192685,94.82,4.0,15.189867,83.15
health9,health_beauty,01-08-2017,5,415.75,22.412297,83.15,53,881,1,1719,4.3,30,15,4,0,8,2017,0.559,3028.6,75.41,4.5,13.497543,89.15,4.4,15.776827,75.1,4.3,22.819235,83.15
health9,health_beauty,01-09-2017,5,355.3,16.702952,71.06,53,881,1,1719,4.3,30,21,6,0,9,2017,0.886,3955.4,73.53,4.4,20.704844,56.96,4.3,17.354727,61.01,4.3,17.420845,83.15
health9,health_beauty,01-10-2017,12,852.73,20.715904,71.06,53,881,1,1719,4.3,63,22,5,0,10,2017,0.41,1800.6,68.57,4.5,21.420835,94.42,4.5,13.798719,66.22,4.2,13.84519,71.06
health9,health_beauty,01-12-2017,11,781.67,16.560856,71.06,53,881,1,1719,4.3,74,23,6,0,12,2017,0.514,1523.3,61.55,4.2,13.903332,63.91,4.5,15.199937,71.02,4.5,13.361088,71.06
health9,health_beauty,01-01-2018,8,568.49,21.099062,71.06,53,881,1,1719,4.3,40,20,4,0,1,2018,0.668,3546.0,70.98,4.5,21.454025,76.61,4.5,18.268259,65.52,4.2,27.701283,71.06
health9,health_beauty,01-02-2018,6,426.36,24.667393,71.06,53,881,1,1719,4.3,30,14,5,0,2,2018,0.734,3247.1,80.31,4.4,30.373713,59.03,4.5,25.796896,80.79,4.5,26.707535,71.06
health9,health_beauty,01-03-2018,7,497.43,19.817927,71.06,53,881,1,1719,4.3,44,23,9,0,3,2018,0.941,3539.2,81.05,4.3,23.000217,79.87,4.2,16.261817,64.26,4.4,16.062953,71.06
health9,health_beauty,01-04-2018,9,639.55,20.052729,71.06,53,881,1,1719,4.3,54,15,5,0,4,2018,0.793,2514.8,72.88,4.3,21.696757,86.76,4.1,21.840452,69.38,4.5,12.535728,71.06
health9,health_beauty,01-06-2018,13,923.79,23.724932,71.06,53,881,1,1719,4.3,73,20,7,0,6,2018,0.814,3004.4,75.48,4.4,26.986089,85.59,4.2,30.405167,67.26,4.2,25.536403,71.06
health9,health_beauty,01-08-2018,7,417.9,19.939241,59.7,53,881,1,1719,4.3,51,16,7,0,8,2018,0.648,3529.3,58.71,4.2,21.529745,73.7,4.5,25.135942,56.33,4.1,25.038381,71.06
perfumery1,perfumery,01-01-2017,18,1537.2,15.944659,85.4,41,1000,5,655,4.3,134,18,8,0,1,2017,0.551,1094.4,80.26,4.5,15.455044,106.14,4.3,10.404904,81.98,4.3,16.325335,96.56
perfumery1,perfumery,01-05-2017,28,2391.21,15.700491,85.4,41,1000,5,655,4.3,145,21,7,0,5,2017,0.36,1043.1,98.89,4.4,15.608459,115.22,4.2,18.176193,97.7,4.3,17.246204,85.4
perfumery1,perfumery,01-07-2017,4,341.6,9.480211,85.4,41,1000,5,655,4.3,23,20,9,1,7,2017,0.79,1694.7,82.8,4.2,12.24939,73.0,4.3,12.830579,82.75,4.4,13.123868,85.4
perfumery1,perfumery,01-08-2017,6,512.4,12.697792,85.4,41,1000,5,655,4.3,44,16,8,0,8,2017,0.298,941.1,92.99,4.5,16.034669,94.17,4.4,9.830629,95.56,4.3,17.745256,85.4
perfumery1,perfumery,01-11-2017,11,939.4,15.938053,85.4,41,1000,5,655,4.3,64,15,3,1,11,2017,0.532,1215.2,91.38,4.0,17.404303,87.28,4.2,13.158089,90.88,4.3,21.542864,85.4
perfumery1,perfumery,01-01-2018,12,1024.8,14.397804,85.4,41,1000,5,655,4.3,99,15,7,0,1,2018,0.289,1523.6,98.59,4.4,17.174943,82.96,4.1,17.656325,95.55,4.2,15.969154,85.4
perfumery1,perfumery,01-05-2018,7,597.8,11.419086,85.4,41,1000,5,655,4.3,49,18,9,0,5,2018,0.7,1668.1,89.58,4.3,15.056904,105.67,4.5,7.652826,76.06,4.3,9.715444,85.4
perfumery1,perfumery,01-06-2018,9,768.6,12.957749,85.4,41,1000,5,655,4.3,64,19,7,0,6,2018,0.831,889.6,84.38,4.2,9.6002,72.33,4.4,16.695862,94.69,4.3,14.71253,85.4
perfumery1,perfumery,01-07-2018,15,1281.0,15.766707,85.4,41,1000,5,655,4.3,92,15,6,0,7,2018,0.356,1379.7,95.61,4.5,11.224823,72.43,4.5,11.829057,88.69,4.4,10.839968,85.4
perfumery2,perfumery,01-03-2017,9,1400.81,8.407304,155.65,58,1932,2,803,3.9,51,17,6,0,3,2017,0.673,1542.5,153.46,3.9,7.214892,140.64,4.1,9.912234,151.56,4.0,7.360201,150.29
perfumery2,perfumery,01-04-2017,5,778.23,19.985959,155.65,58,1932,2,803,3.9,36,22,3,0,4,2017,0.252,913.5,185.49,4.0,26.101653,194.0,3.7,24.366392,177.67,3.9,22.051749,155.65
perfumery2,perfumery,01-05-2017,4,622.58,15.66658,155.65,58,1932,2,803,3.9,24,19,6,0,5,2017,0.695,774.5,169.02,3.9,21.529725,135.93,3.9,17.247487,144.33,3.9,18.413148,155.65
perfumery2,perfumery,01-06-2017,9,1400.81,18.812738,155.65,58,1932,2,803,3.9,45,23,6,0,6,2017,0.543,1542.7,175.13,3.9,13.410573,202.63,4.0,15.557464,169.87,3.9,18.705494,155.65
perfumery2,perfumery,01-07-2017,10,1556.45,15.732588,155.65,58,1932,2,803,3.9,65,16,3,0,7,2017,0.362,1693.2,132.95,4.0,10.029222,126.86,3.9,12.913693,142.44,3.9,16.009369,155.65
perfumery2,perfumery,01-08-2017,5,778.23,16.444693,155.65,58,1932,2,803,3.9,33,18,8,0,8,2017,0.457,1683.8,147.92,3.8,11.932621,157.18,4.0,11.958039,155.86,4.0,10.839053,155.65
perfumery2,perfumery,01-09-2017,6,933.87,13.32239,155.65,58,1932,2,803,3.9,35,17,8,0,9,2017,0.679,972.1,157.39,4.0,16.252905,184.64,3.7,8.546966,143.98,3.7,9.246328,155.65
perfumery2,perfumery,01-11-2017,4,622.58,14.991985,155.65,58,1932,2,803,3.9,17,20,3,1,11,2017,0.589,1764.1,141.99,4.0,11.1892,143.59,4.0,11.960224,176.86,3.6,15.418652,155.65
perfumery2,perfumery,01-01-2018,7,1089.52,14.973438,155.65,58,1932,2,803,3.9,43,16,9,0,1,2018,0.617,789.3,175.12,3.9,15.318875,181.77,3.7,18.236338,162.43,4.2,9.986711,155.65
perfumery2,perfumery,01-02-2018,21,3268.55,13.159893,155.65,58,1932,2,803,3.9,94,22,6,0,2,2018,0.573,1081.0,133.21,4.0,13.978287,148.75,3.9,8.545222,160.76,3.9,11.429454,155.65
perfumery2,perfumery,01-05-2018,8,1245.16,9.900281,155.65,58,1932,2,803,3.9,51,21,7,0,5,2018,0.354,1847.3,136.74,4.1,10.478184,204.26,3.9,13.172572,173.29,3.7,12.330029,155.65
perfumery2,perfumery,01-06-2018,8,1245.16,11.935126,155.65,58,1932,2,803,3.9,52,16,5,0,6,2018,0.905,1070.0,137.51,3.7,10.50684,127.68,3.8,12.529325,157.74,4.0,10.430853,155.65
perfumery2,perfumery,01-07-2018,8,1245.16,14.481274,155.65,58,1932,2,803,3.9,44,16,4,0,7,2018,0.866,1554.7,170.0,4.1,17.248678,209.83,3.8,12.212935,152.38,4.1,18.487947,155.65
perfumery2,perfumery,01-08-2018,7,1089.52,15.093682,155.65,58,1932,2,803,3.9,54,23,9,0,8,2018,0.518,1838.9,168.16,3.9,14.953398,205.04,3.8,19.75414,175.95,4.0,18.246694,155.65
watches1,watches_gifts,01-01-2017,8,1829.42,30.509343,228.68,52,1352,1,3449,4.0,54,21,9,0,1,2017,0.936,8076.1,215.76,4.0,23.056131,239.24,3.9,30.864643,208.02,4.1,26.758941,234.43
watches1,watches_gifts,01-03-2017,6,1478.61,25.719086,246.43,52,1352,1,3449,4.0,36,17,7,0,3,2017,0.888,3926.3,293.54,4.0,34.206071,262.22,3.9,27.025059,219.37,4.0,18.953644,228.68
watches1,watches_gifts,01-06-2017,21,4755.27,29.986517,226.44,52,1352,1,3449,4.0,124,16,4,0,6,2017,0.415,7688.5,237.13,3.9,33.471675,226.31,4.1,18.346826,217.05,3.8,34.376133,246.43
watches1,watches_gifts,01-07-2017,11,2206.79,31.266774,200.62,52,1352,1,3449,4.0,65,15,7,0,7,2017,0.292,8827.3,192.87,4.0,26.97646,192.48,3.9,41.094844,214.04,4.0,31.801384,226.44
watches1,watches_gifts,01-08-2017,11,2206.79,26.986092,200.62,52,1352,1,3449,4.0,53,21,5,0,8,2017,0.356,5601.3,213.59,4.0,36.561971,256.29,3.9,16.372034,200.71,3.9,21.779672,200.62
watches1,watches_gifts,01-09-2017,13,2608.03,26.982152,200.62,52,1352,1,3449,4.0,59,22,6,0,9,2017,0.508,3319.4,213.81,3.7,17.768638,263.82,4.1,29.298267,213.08,4.0,26.809384,200.62
watches1,watches_gifts,01-01-2018,10,2006.17,28.102663,200.62,52,1352,1,3449,4.0,71,15,7,0,1,2018,0.831,4388.8,239.53,4.1,20.120769,200.09,4.1,31.120074,201.53,3.9,25.615604,200.62
watches1,watches_gifts,01-02-2018,22,4413.58,24.190176,200.62,52,1352,1,3449,4.0,111,16,5,0,2,2018,0.543,4962.2,194.66,4.1,15.186121,253.54,4.2,21.337101,211.31,3.9,22.883244,200.62
watches1,watches_gifts,01-04-2018,5,1003.09,27.066271,200.62,52,1352,1,3449,4.0,37,17,9,0,4,2018,0.864,5954.8,202.5,4.0,17.91884,203.56,4.0,37.096742,184.04,3.8,26.838885,200.62
watches1,watches_gifts,01-05-2018,17,3410.5,29.639792,200.62,52,1352,1,3449,4.0,95,18,9,0,5,2018,0.42,5963.8,200.44,3.9,37.406932,253.61,3.8,28.990808,189.89,3.7,26.337192,200.62
watches1,watches_gifts,01-06-2018,9,1369.13,25.185545,152.13,52,1352,1,3449,4.0,51,22,7,0,6,2018,0.621,8709.3,143.03,4.1,20.725605,138.37,4.0,31.336633,146.47,3.9,24.748252,200.62
watches1,watches_gifts,01-07-2018,10,1664.15,28.642045,166.41,52,1352,1,3449,4.0,56,16,6,0,7,2018,0.58,4630.3,172.16,4.1,18.304235,223.34,4.0,27.942068,180.06,4.0,23.38577,152.13
watches1,watches_gifts,01-08-2018,15,2496.22,26.273958,166.41,52,1352,1,3449,4.0,89,20,3,0,8,2018,0.864,4837.2,180.28,4.2,27.992998,213.43,4.1,19.340556,144.69,4.2,30.659523,166.41
watches2,watches_gifts,01-01-2017,11,2794.92,13.585868,254.08,45,281,3,304,4.1,64,18,4,0,1,2017,0.312,359.3,227.61,4.2,12.487274,246.41,4.0,13.532709,245.16,3.8,15.703578,251.72
watches2,watches_gifts,01-02-2017,21,5335.76,8.183476,254.08,45,281,3,304,4.1,119,21,3,0,2,2017,0.658,607.3,229.88,4.2,5.584193,289.64,4.1,6.69172,282.83,4.0,10.655896,254.08
watches2,watches_gifts,01-03-2017,11,2794.92,9.579868,254.08,45,281,3,304,4.1,55,22,9,0,3,2017,0.332,597.4,278.96,3.9,6.976215,257.89,4.2,13.206568,270.13,4.1,10.51071,254.08
watches2,watches_gifts,01-05-2017,9,2286.75,10.568962,254.08,45,281,3,304,4.1,55,19,6,0,5,2017,0.48,613.5,275.54,4.2,12.453112,289.53,4.2,10.977389,233.83,4.1,8.597965,254.08
watches2,watches_gifts,01-07-2017,8,2032.67,8.260965,254.08,45,281,3,304,4.1,56,19,6,0,7,2017,0.287,536.9,219.64,4.2,6.899833,324.14,4.1,8.807427,270.4,4.0,11.510331,254.08
watches2,watches_gifts,01-09-2017,28,7346.36,8.623874,262.37,45,281,3,304,4.1,128,16,5,0,9,2017,0.456,387.8,226.7,4.3,6.867093,260.86,4.1,5.247674,266.08,4.0,8.260773,254.08
watches2,watches_gifts,01-10-2017,15,3935.55,14.89402,262.37,45,281,3,304,4.1,81,16,9,0,10,2017,0.682,271.3,287.82,4.4,20.850896,247.87,4.1,15.369512,250.96,4.4,18.573256,262.37
watches2,watches_gifts,01-11-2017,10,2623.7,12.059658,262.37,45,281,3,304,4.1,58,15,5,0,11,2017,0.691,569.4,250.76,4.2,7.266408,253.83,4.1,11.634796,223.9,4.3,15.700504,262.37
watches2,watches_gifts,01-01-2018,9,2361.33,14.71225,262.37,45,281,3,304,4.1,44,21,7,0,1,2018,0.27,367.9,241.46,4.1,19.926207,332.13,4.0,18.837532,235.62,4.0,12.11558,262.37
watches2,watches_gifts,01-02-2018,24,6296.88,13.744553,262.37,45,281,3,304,4.1,105,17,9,0,2,2018,0.494,443.2,246.91,4.1,11.6043,327.04,4.1,12.918817,267.81,4.3,14.968702,262.37
watches2,watches_gifts,01-03-2018,4,1049.48,10.724081,262.37,45,281,3,304,4.1,33,19,8,0,3,2018,0.336,637.1,276.47,4.2,14.543051,262.98,4.2,11.677068,235.79,4.0,9.895459,262.37
watches2,watches_gifts,01-06-2018,10,2623.7,17.840674,262.37,45,281,3,304,4.1,56,15,5,0,6,2018,0.331,426.5,309.19,4.1,12.588422,254.44,4.0,14.856345,273.58,4.1,20.597345,262.37
watches2,watches_gifts,01-07-2018,11,2886.07,12.72672,262.37,45,281,3,304,4.1,53,23,7,0,7,2018,0.283,616.2,250.26,4.3,8.13571,221.9,4.2,16.677241,276.99,4.1,10.831227,262.37
watches2,watches_gifts,01-08-2018,10,2623.7,14.607337,262.37,45,281,3,304,4.1,62,16,7,0,8,2018,0.764,513.8,241.53,4.0,19.736507,224.65,4.0,11.05048,255.97,4.2,9.365294,262.37
watches3,watches_gifts,01-01-2017,6,873.9,23.987925,145.65,48,318,2,2647,4.1,34,16,5,1,1,2017,0.523,5204.0,130.33,4.2,24.338517,166.43,3.9,27.751956,166.42,4.1,19.927413,146.36
watches3,watches_gifts,01-02-2017,6,873.9,20.149089,145.65,48,318,2,2647,4.1,36,16,6,0,2,2017,0.377,3540.3,133.87,3.8,14.777573,126.33,4.2,21.579115,140.58,4.3,22.462453,145.65
watches3,watches_gifts,01-03-2017,8,1165.2,25.65183,145.65,48,318,2,2647,4.1,54,23,7,0,3,2017,0.597,5802.4,135.29,4.0,17.060033,174.09,4.1,18.452852,126.6,4.1,27.055565,145.65
watches3,watches_gifts,01-05-2017,9,1310.85,27.135733,145.65,48,318,2,2647,4.1,62,15,6,0,5,2017,0.83,2866.0,141.06,4.2,22.179375,126.61,4.0,34.218087,164.21,4.3,33.66372,145.65
watches3,watches_gifts,01-07-2017,12,1747.8,24.989564,145.65,48,318,2,2647,4.1,80,23,8,0,7,2017,0.411,2574.2,162.35,3.9,31.683368,142.68,4.0,31.513763,159.86,4.2,27.088621,145.65
watches3,watches_gifts,01-08-2017,6,873.9,24.259018,145.65,48,318,2,2647,4.1,45,23,7,0,8,2017,0.465,6805.3,134.41,4.2,32.736717,185.54,3.9,21.253821,128.99,4.2,25.408538,145.65
watches3,watches_gifts,01-10-2017,10,1456.5,25.015427,145.65,48,318,2,2647,4.1,49,23,9,0,10,2017,0.568,3223.8,171.17,4.0,15.828707,164.51,4.0,21.292282,159.02,4.0,31.026758,145.65
watches3,watches_gifts,01-11-2017,19,3027.94,27.558206,159.37,48,318,2,2647,4.1,121,16,4,1,11,2017,0.648,4009.8,135.85,3.9,34.051595,198.43,4.3,20.984056,153.57,4.2,19.44256,145.65
watches3,watches_gifts,01-01-2018,6,956.19,29.535602,159.37,48,318,2,2647,4.1,27,19,4,0,1,2018,0.881,4731.3,141.77,3.9,23.523926,164.98,4.2,25.857612,175.8,3.9,36.313699,159.37
watches3,watches_gifts,01-02-2018,14,2231.11,22.685686,159.37,48,318,2,2647,4.1,78,21,9,0,2,2018,0.703,5307.7,182.23,4.1,24.387312,150.92,4.0,14.519194,181.47,4.4,22.929398,159.37
watches3,watches_gifts,01-03-2018,9,1434.29,25.275232,159.37,48,318,2,2647,4.1,59,16,7,0,3,2018,0.426,2970.6,173.37,4.1,23.52873,151.18,4.2,26.029916,154.3,3.9,27.509773,159.37
watches3,watches_gifts,01-04-2018,13,2071.75,24.811928,159.37,48,318,2,2647,4.1,78,19,4,0,4,2018,0.271,5915.3,156.75,3.9,25.015731,166.66,4.2,21.582921,137.37,3.9,31.275561,159.37
watches3,watches_gifts,01-06-2018,9,1434.29,22.401526,159.37,48,318,2,2647,4.1,45,22,5,0,6,2018,0.864,6823.6,144.94,4.2,29.639995,213.6,4.1,29.325209,159.57,4.2,18.084228,159.37
watches3,watches_gifts,01-07-2018,6,956.19,25.439185,159.37,48,318,2,2647,4.1,26,15,7,0,7,2018,0.758,3929.7,138.21,3.8,25.138787,157.43,4.0,30.510813,180.32,4.1,35.152638,159.37
watches4,watches_gifts,01-03-2017,15,2602.64,17.768304,173.51,43,557,1,1455,4.3,108,16,5,0,3,2017,0.647,2792.2,182.28,4.2,24.235636,224.11,4.3,16.612598,196.22,4.5,19.26495,172.06
watches4,watches_gifts,01-05-2017,24,4164.23,17.296301,173.51,43,557,1,1455,4.3,116,17,9,1,5,2017,0.61,2678.2,155.31,4.3,12.126346,183.55,4.2,11.64428,157.63,4.5,24.169516,173.51
watches4,watches_gifts,01-06-2017,13,2255.62,16.163455,173.51,43,557,1,1455,4.3,86,21,9,0,6,2017,0.464,2418.3,171.19,4.4,12.118702,139.28,4.2,11.891798,189.88,3.9,19.965342,173.51
watches4,watches_gifts,01-07-2017,4,694.04,21.839551,173.51,43,557,1,1455,4.3,29,17,8,0,7,2017,0.675,2961.4,149.85,4.3,28.781347,192.61,4.5,14.928751,195.56,4.2,27.10817,173.51
watches4,watches_gifts,01-09-2017,11,1908.6,15.106378,173.51,43,557,1,1455,4.3,86,15,9,0,9,2017,0.921,1642.7,190.06,4.2,11.163247,199.6,4.1,17.94111,197.72,4.2,14.463949,173.51
watches4,watches_gifts,01-10-2017,52,9022.49,20.88406,173.51,43,557,1,1455,4.3,311,19,3,0,10,2017,0.756,2323.0,194.94,4.4,14.885795,216.19,4.4,19.139276,155.4,4.4,15.597889,173.51
watches4,watches_gifts,01-12-2017,4,694.04,20.925603,173.51,43,557,1,1455,4.3,26,20,8,1,12,2017,0.688,3010.9,154.66,4.3,14.283881,190.77,4.3,12.583782,148.65,4.4,16.140039,173.51
watches4,watches_gifts,01-01-2018,6,1041.06,20.931182,173.51,43,557,1,1455,4.3,35,19,9,0,1,2018,0.557,1985.2,165.3,4.3,19.448889,157.4,4.1,22.75921,149.18,4.2,15.536076,173.51
watches4,watches_gifts,01-02-2018,14,2429.13,19.391219,173.51,43,557,1,1455,4.3,95,17,4,0,2,2018,0.325,2009.3,207.64,4.2,20.692264,204.48,4.4,19.389829,179.37,4.3,25.967931,173.51
watches4,watches_gifts,01-03-2018,15,2602.64,19.210233,173.51,43,557,1,1455,4.3,73,21,4,0,3,2018,0.461,2317.1,206.58,4.3,22.806665,196.29,4.2,21.276954,163.15,4.2,20.375981,173.51
watches4,watches_gifts,01-04-2018,17,3377.73,19.044375,198.69,43,557,1,1455,4.3,79,18,8,0,4,2018,0.336,3722.1,225.23,4.3,19.764651,194.4,4.5,13.035891,171.66,4.2,20.044458,173.51
watches4,watches_gifts,01-05-2018,8,1589.52,15.159289,198.69,43,557,1,1455,4.3,49,21,4,0,5,2018,0.285,2619.5,178.68,4.3,10.696047,203.27,4.2,17.640489,194.07,4.3,19.972931,198.69
watches4,watches_gifts,01-06-2018,11,1889.76,25.258188,171.8,43,557,1,1455,4.3,68,18,8,0,6,2018,0.425,2467.2,158.61,4.2,30.962836,151.17,4.3,21.735504,157.46,4.5,22.60744,198.69
watches4,watches_gifts,01-07-2018,9,1546.17,18.964075,171.8,43,557,1,1455,4.3,63,21,8,0,7,2018,0.811,2914.0,169.3,4.2,24.095848,156.77,4.3,11.402502,162.51,4.4,16.668867,171.8
watches4,watches_gifts,01-08-2018,21,3226.46,19.102895,153.64,43,557,1,1455,4.3,139,16,8,0,8,2018,0.526,2954.4,180.19,4.2,16.267455,142.91,4.2,18.934775,156.29,4.3,11.614164,171.8
watches5,watches_gifts,01-01-2017,11,2338.53,14.374949,212.59,47,462,5,964,3.6,49,20,4,0,1,2017,0.464,1026.8,226.7,3.5,8.785,205.28,3.7,16.634993,189.6,3.6,16.325936,194.01
watches5,watches_gifts,01-04-2017,16,3401.5,10.630409,212.59,47,462,5,964,3.6,96,18,8,0,4,2017,0.684,1034.8,200.77,3.8,13.072829,262.83,3.8,10.254299,203.97,3.7,14.660067,212.59
watches5,watches_gifts,01-05-2017,32,5450.66,16.825898,170.33,47,462,5,964,3.6,144,19,8,1,5,2017,0.754,2275.3,161.1,3.7,21.896361,198.63,3.6,17.193934,195.01,3.7,20.072484,212.59
watches5,watches_gifts,01-06-2017,13,2214.33,14.532116,170.33,47,462,5,964,3.6,83,21,6,0,6,2017,0.766,2313.7,155.76,3.4,15.944387,137.95,3.6,12.529525,189.36,4.0,19.53227,170.33
watches5,watches_gifts,01-09-2017,9,1731.73,13.569575,192.41,47,462,5,964,3.6,57,18,6,0,9,2017,0.626,1753.0,191.57,3.8,10.292316,172.44,3.8,13.679493,181.33,3.7,12.118895,170.33
watches5,watches_gifts,01-11-2017,11,2116.56,18.011332,192.41,47,462,5,964,3.6,83,15,6,0,11,2017,0.833,2221.1,213.79,3.7,23.536252,242.22,3.4,21.034064,183.76,3.8,10.972596,192.41
watches5,watches_gifts,01-03-2018,10,1924.15,11.880614,192.41,47,462,5,964,3.6,56,17,9,0,3,2018,0.918,2218.7,209.79,3.8,13.762373,217.42,3.5,8.486035,184.37,3.4,10.136898,192.41
watches5,watches_gifts,01-04-2018,7,1346.9,18.915331,192.41,47,462,5,964,3.6,28,21,5,0,4,2018,0.391,2330.3,204.62,3.6,16.773736,177.09,3.5,12.859289,211.39,3.7,13.185555,192.41
watches5,watches_gifts,01-05-2018,6,1196.34,16.599258,199.39,47,462,5,964,3.6,28,19,6,0,5,2018,0.479,2334.8,201.5,3.8,12.365734,230.77,3.4,19.412818,179.99,3.4,10.147339,192.41
watches5,watches_gifts,01-06-2018,13,2733.55,19.385963,210.27,47,462,5,964,3.6,76,20,6,0,6,2018,0.574,782.4,250.21,3.6,26.391335,183.2,3.5,12.920678,215.13,3.7,21.870391,199.39
watches5,watches_gifts,01-07-2018,15,3154.1,19.461288,210.27,47,462,5,964,3.6,77,20,8,0,7,2018,0.684,1753.6,225.82,3.6,15.418788,282.23,3.7,16.122615,209.89,3.5,14.168291,210.27
watches6,watches_gifts,01-01-2017,7,899.29,14.924999,128.47,29,487,3,1535,4.4,50,18,4,0,1,2017,0.5,3108.1,139.59,4.5,18.59966,132.68,4.2,10.593562,138.19,4.5,10.731835,126.13
watches6,watches_gifts,01-02-2017,15,1569.08,15.321493,104.61,29,487,3,1535,4.4,78,17,6,0,2,2017,0.88,1957.0,91.91,4.2,17.437256,101.28,4.1,12.232822,102.86,4.5,15.607059,128.47
watches6,watches_gifts,01-04-2017,21,2196.71,18.359485,104.61,29,487,3,1535,4.4,126,18,7,0,4,2017,0.652,1981.4,123.08,4.4,14.684492,108.89,4.0,12.450242,112.33,4.3,17.158137,104.61
watches6,watches_gifts,01-05-2017,28,2928.95,18.690607,104.61,29,487,3,1535,4.4,186,17,5,0,5,2017,0.655,2515.3,100.66,4.5,18.788671,92.38,4.4,19.414065,112.69,4.2,11.242479,104.61
watches6,watches_gifts,01-08-2017,2,209.21,20.890115,104.61,29,487,3,1535,4.4,14,22,4,0,8,2017,0.538,2995.4,104.22,4.4,16.245459,129.06,4.3,15.407347,103.48,4.5,21.418115,104.61
watches6,watches_gifts,01-09-2017,15,1569.08,17.394667,104.61,29,487,3,1535,4.4,108,18,4,0,9,2017,0.758,2950.5,111.61,4.2,22.415142,90.31,4.4,21.392012,118.78,4.4,13.537863,104.61
watches6,watches_gifts,01-10-2017,13,1359.87,23.809233,104.61,29,487,3,1535,4.4,83,20,7,0,10,2017,0.864,2174.7,102.4,4.5,17.313906,100.95,4.5,25.752557,100.27,4.4,22.807963,104.61
watches6,watches_gifts,01-11-2017,14,1464.48,17.734872,104.61,29,487,3,1535,4.4,89,15,8,0,11,2017,0.473,3074.4,100.08,4.5,11.060089,96.2,4.4,19.192597,110.56,4.4,14.122226,104.61
watches6,watches_gifts,01-12-2017,16,1673.69,16.887482,104.61,29,487,3,1535,4.4,116,17,7,0,12,2017,0.356,3635.8,109.12,4.2,13.377343,93.58,4.5,16.38361,106.36,4.1,17.608727,104.61
watches6,watches_gifts,01-01-2018,15,1569.08,23.618993,104.61,29,487,3,1535,4.4,105,20,5,0,1,2018,0.857,2932.7,101.02,4.5,16.884885,129.61,4.3,26.939173,100.87,4.5,23.565275,104.61
watches6,watches_gifts,01-03-2018,10,1046.05,15.099648,104.61,29,487,3,1535,4.4,60,17,6,0,3,2018,0.386,1594.9,109.24,4.1,10.849081,124.9,4.3,17.760156,120.04,4.2,9.582952,104.61
watches6,watches_gifts,01-04-2018,11,1150.66,18.821739,104.61,29,487,3,1535,4.4,51,20,4,0,4,2018,0.353,1289.8,100.5,4.2,17.019924,109.47,4.3,16.103787,110.69,4.2,12.825078,104.61
watches6,watches_gifts,01-05-2018,11,1150.66,18.97766,104.61,29,487,3,1535,4.4,61,21,7,0,5,2018,0.564,1687.2,107.56,4.3,25.862441,87.87,4.4,11.425051,112.62,4.3,13.086135,104.61
watches6,watches_gifts,01-06-2018,11,1150.66,19.026931,104.61,29,487,3,1535,4.4,73,18,5,0,6,2018,0.863,2937.8,89.0,4.1,22.891818,121.73,4.3,15.804644,95.68,4.4,13.284964,104.61
watches6,watches_gifts,01-07-2018,9,941.45,19.906464,104.61,29,487,3,1535,4.4,57,23,8,0,7,2018,0.559,1310.2,121.53,4.4,26.365891,129.04,4.5,16.72872,94.91,4.4,16.171017,104.61
watches6,watches_gifts,01-08-2018,14,1464.48,17.049128,104.61,29,487,3,1535,4.4,71,16,3,0,8,2018,0.708,3491.0,114.33,4.4,15.692308,93.89,4.4,14.859232,105.25,4.5,11.778912,104.61
watches7,watches_gifts,01-01-2017,14,1883.81,14.94638,134.56,51,818,2,497,4.0,90,21,5,0,1,2017,0.498,929.4,117.99,3.9,19.04083,164.22,4.1,12.681259,128.51,3.8,12.53432,131.82
watches7,watches_gifts,01-04-2017,17,2287.48,14.369539,134.56,51,818,2,497,4.0,101,16,5,0,4,2017,0.705,586.1,148.44,3.9,11.685892,109.43,3.8,11.309627,151.55,4.0,19.556909,134.56
watches7,watches_gifts,01-07-2017,12,1614.69,15.503264,134.56,51,818,2,497,4.0,65,21,5,0,7,2017,0.326,838.2,121.66,4.0,18.483572,147.02,4.0,12.461018,142.91,4.0,18.920677,134.56
watches7,watches_gifts,01-08-2017,11,1480.14,10.050119,134.56,51,818,2,497,4.0,71,18,4,0,8,2017,0.393,972.0,137.58,4.1,7.584734,181.09,3.7,13.762432,149.16,4.4,13.642274,134.56
watches7,watches_gifts,01-09-2017,9,1211.02,10.075439,134.56,51,818,2,497,4.0,72,16,7,0,9,2017,0.29,408.9,144.43,3.9,13.45734,130.08,4.5,7.209876,123.71,4.1,13.523502,134.56
watches7,watches_gifts,01-11-2017,15,2018.37,10.614427,134.56,51,818,2,497,4.0,91,21,3,0,11,2017,0.363,667.1,149.21,4.1,14.125752,110.7,3.9,12.91996,118.41,4.2,8.434507,134.56
watches7,watches_gifts,01-12-2017,41,5516.87,7.775377,134.56,51,818,2,497,4.0,295,19,7,1,12,2017,0.871,905.2,134.47,4.1,9.944511,160.62,3.9,6.731184,121.15,4.1,7.782655,134.56
watches7,watches_gifts,01-01-2018,12,1614.69,8.379443,134.56,51,818,2,497,4.0,63,15,5,0,1,2018,0.292,732.7,120.26,4.1,10.950762,107.99,3.8,5.756474,151.53,4.3,6.365298,134.56
watches7,watches_gifts,01-03-2018,4,538.23,9.726613,134.56,51,818,2,497,4.0,16,16,4,0,3,2018,0.919,769.8,146.49,4.0,10.293306,169.14,3.8,9.85929,114.82,4.1,12.775069,134.56
watches7,watches_gifts,01-06-2018,7,941.9,10.135986,134.56,51,818,2,497,4.0,51,20,5,0,6,2018,0.484,1133.8,159.72,3.8,12.009656,153.98,4.0,8.60182,118.59,3.9,10.909298,134.56
watches7,watches_gifts,01-08-2018,11,1480.14,11.467656,134.56,51,818,2,497,4.0,61,17,7,0,8,2018,0.338,871.3,146.56,4.0,8.951571,172.22,4.0,15.782655,146.37,4.0,12.346091,134.56
watches8,watches_gifts,01-02-2017,17,9311.46,12.440008,547.73,54,137,1,863,3.7,83,18,8,0,2,2017,0.783,1638.3,519.24,3.3,12.784409,496.53,3.8,9.874384,628.5,3.7,8.592081,541.04
watches8,watches_gifts,01-03-2017,14,5946.87,11.250392,424.78,54,137,1,863,3.7,70,17,5,0,3,2017,0.603,1864.4,381.33,3.7,10.178778,536.43,3.7,9.158633,438.51,3.7,15.405266,547.73
watches8,watches_gifts,01-06-2017,24,10194.63,14.096576,424.78,54,137,1,863,3.7,161,22,9,0,6,2017,0.755,1953.9,476.47,3.7,16.530463,406.68,3.5,17.89995,414.82,3.6,18.092662,424.78
watches8,watches_gifts,01-08-2017,15,6371.65,17.186454,424.78,54,137,1,863,3.7,84,19,7,1,8,2017,0.7,1230.7,420.17,3.7,23.543776,531.42,3.8,11.60772,466.03,3.5,17.274616,424.78
watches8,watches_gifts,01-09-2017,7,2973.44,17.616094,424.78,54,137,1,863,3.7,52,21,6,0,9,2017,0.527,1378.4,442.74,3.5,18.567136,443.85,3.7,11.806588,401.75,3.7,23.222067,424.78
watches8,watches_gifts,01-10-2017,42,17840.61,16.819044,424.78,54,137,1,863,3.7,309,23,8,0,10,2017,0.337,1561.4,364.3,3.6,13.692595,441.39,3.4,12.784325,410.31,3.7,17.913281,424.78
watches8,watches_gifts,01-11-2017,10,4247.76,18.23276,424.78,54,137,1,863,3.7,60,18,7,1,11,2017,0.417,1933.7,419.61,3.5,24.287443,544.8,3.7,23.552767,402.42,3.8,21.715442,424.78
watches8,watches_gifts,01-01-2018,10,4247.76,10.022323,424.78,54,137,1,863,3.7,76,18,9,0,1,2018,0.331,1815.4,467.13,3.4,6.81573,366.41,3.5,11.491871,407.41,3.8,9.152346,424.78
watches8,watches_gifts,01-02-2018,24,8447.82,10.8963,351.99,54,137,1,863,3.7,131,15,4,0,2,2018,0.924,1963.9,332.89,3.6,11.176731,320.96,3.6,8.208697,370.64,3.8,11.567248,424.78
watches8,watches_gifts,01-04-2018,9,3167.93,11.837376,351.99,54,137,1,863,3.7,46,16,3,0,4,2018,0.252,1510.9,349.73,3.7,11.928659,467.95,3.5,15.356131,321.72,3.8,11.457281,351.99
watches8,watches_gifts,01-05-2018,23,5994.34,13.980926,260.62,54,137,1,863,3.7,159,19,8,0,5,2018,0.63,1225.7,256.24,3.5,14.351983,255.13,3.8,15.650801,297.33,3.6,10.847437,351.99
watches8,watches_gifts,01-06-2018,26,6776.21,15.474603,260.62,54,137,1,863,3.7,123,16,5,0,6,2018,0.761,1698.8,274.89,3.8,21.497774,330.48,3.7,16.378386,239.45,3.6,20.288174,260.62
watches8,watches_gifts,01-07-2018,35,9121.82,15.486985,260.62,54,137,1,863,3.7,208,20,8,0,7,2018,0.691,1065.5,306.74,3.7,20.829348,263.6,3.7,18.280895,278.37,3.8,17.261541,260.62
watches8,watches_gifts,01-08-2018,27,6001.83,15.882529,222.29,54,137,1,863,3.7,121,14,8,0,8,2018,0.308,1898.1,239.82,3.6,21.67042,197.06,3.6,22.025219,243.73,3.5,9.969668,260.62
